,Mkt-RF,SMB,HML,RF
20070103,-0.04,0.05,0.14,0.022
20070104,0.16,0.24,-0.51,0.022
20070105,-0.73,-0.91,-0.33,0.022
20070108,0.24,-0.07,0.08,0.022
20070109,0,0.28,-0.2,0.022
20070110,0.23,-0.08,-0.17,0.022
20070111,0.74,0.55,-0.29,0.022
20070112,0.5,0.21,-0.28,0.022
20070116,0,-0.26,0.06,0.022
20070117,-0.14,-0.21,-0.05,0.022
20070118,-0.48,-1.07,0.53,0.022
20070119,0.33,0.43,0.07,0.022
20070122,-0.55,-0.49,0.34,0.022
20070123,0.37,0.6,0.07,0.022
20070124,0.84,0.23,-0.05,0.022
20070125,-1.15,-0.07,-0.1,0.022
20070126,-0.06,0.55,0.1,0.022
20070129,0.02,0.59,0.23,0.022
20070130,0.52,-0.02,0.22,0.022
20070131,0.64,-0.42,0.03,0.022
20070201,0.59,0.34,-0.24,0.02
20070202,0.15,0.1,0.27,0.02
20070205,-0.12,-0.22,0.13,0.02
20070206,0.1,0.28,0.19,0.02
20070207,0.21,0.4,-0.01,0.02
20070208,-0.1,0.24,-0.21,0.02
20070209,-0.76,-0.34,0.15,0.02
20070212,-0.35,0.19,0.09,0.02
20070213,0.72,-0.17,0.33,0.02
20070214,0.73,-0.5,-0.17,0.02
20070215,0.11,0.16,-0.37,0.02
20070216,0,0.26,0.07,0.02
20070220,0.42,0.64,-0.18,0.02
20070221,-0.09,0.3,-0.21,0.02
20070222,-0.06,0.37,-0.12,0.02
20070223,-0.31,0.14,-0.26,0.02
20070226,-0.19,-0.14,0.09,0.02
20070227,-3.43,-0.18,0.03,0.02
20070228,0.47,-0.51,0.35,0.02
20070301,-0.25,-0.09,0.19,0.019
20070302,-1.24,-0.63,0.23,0.019
20070305,-1.11,-0.69,-0.28,0.019
20070306,1.58,0.67,0,0.019
20070307,-0.21,-0.06,-0.01,0.019
20070308,0.68,-0.1,0.11,0.019
20070309,0.09,0.28,0.14,0.019
20070312,0.28,0.27,-0.12,0.019
20070313,-2.03,-0.26,-0.12,0.019
20070314,0.57,0.11,-0.09,0.019
20070315,0.44,0.49,0.13,0.019
20070316,-0.42,-0.11,-0.17,0.019
20070319,1.08,-0.11,0.02,0.019
20070320,0.67,0.02,0.14,0.019
20070321,1.64,-0.15,-0.1,0.019
20070322,-0.02,0.19,-0.31,0.019
20070323,0.08,0.08,0.04,0.019
20070326,0.06,-0.04,-0.08,0.019
20070327,-0.61,-0.21,-0.02,0.019
20070328,-0.74,0.22,-0.04,0.019
20070329,0.29,-0.2,0.17,0.019
20070330,-0.07,0.27,-0.05,0.019
20070402,0.22,0.09,-0.11,0.022
20070403,0.93,0.05,-0.12,0.022
20070404,0.09,-0.17,-0.25,0.022
20070405,0.31,0,-0.08,0.022
20070409,0.05,-0.24,0.07,0.022
20070410,0.22,0.1,0.02,0.022
20070411,-0.64,-0.1,0.12,0.022
20070412,0.61,0.25,-0.19,0.022
20070413,0.34,0.24,-0.08,0.022
20070416,1.06,0.29,0.11,0.022
20070417,0.09,-0.42,-0.12,0.022
20070418,0,-0.71,0.44,0.022
20070419,-0.23,-0.38,0.03,0.022
20070420,0.89,0.2,0.04,0.022
20070423,-0.24,0.07,-0.29,0.022
20070424,-0.1,-0.04,-0.24,0.022
20070425,0.91,-0.35,0.17,0.022
20070426,-0.02,0.32,-0.34,0.022
20070427,-0.13,-0.3,-0.31,0.022
20070430,-0.93,-0.91,0.02,0.022
20070501,0.22,-0.09,0.03,0.018
20070502,0.79,0.62,0.02,0.018
20070503,0.37,-0.36,0.32,0.018
20070504,0.25,0.18,-0.02,0.018
20070507,0.18,-0.37,0.32,0.018
20070508,-0.13,-0.03,-0.11,0.018
20070509,0.35,0.07,-0.03,0.018
20070510,-1.42,-0.5,0.29,0.018
20070511,0.95,0.18,0.06,0.018
20070514,-0.28,-0.61,0.07,0.018
20070515,-0.27,-0.8,0.28,0.018
20070516,0.82,-0.21,0.05,0.018
20070517,-0.1,-0.34,0.03,0.018
20070518,0.66,0.39,-0.49,0.018
20070521,0.31,0.93,-0.28,0.018
20070522,0.08,0.7,-0.04,0.018
20070523,-0.18,-0.21,-0.12,0.018
20070524,-1.07,-0.43,-0.04,0.018
20070525,0.55,0.23,-0.07,0.018
20070529,0.24,0.6,0.01,0.018
20070530,0.77,-0.23,-0.02,0.018
20070531,0.13,0.34,-0.3,0.018
20070601,0.44,0.36,-0.05,0.019
20070604,0.18,0.07,0,0.019
20070605,-0.55,-0.12,-0.22,0.019
20070606,-0.92,0.08,0.05,0.019
20070607,-1.75,-0.04,0.06,0.019
20070608,1.07,-0.06,0.03,0.019
20070611,0.08,-0.29,0.1,0.019
20070612,-1.06,-0.16,-0.18,0.019
20070613,1.37,-0.2,-0.1,0.019
20070614,0.5,0.1,-0.06,0.019
20070615,0.69,0.52,-0.07,0.019
20070618,-0.13,0.01,-0.11,0.019
20070619,0.14,0,0.15,0.019
20070620,-1.29,0.09,-0.18,0.019
20070621,0.56,-0.16,0.01,0.019
20070622,-1.25,0.62,-0.01,0.019
20070625,-0.39,-0.42,-0.1,0.019
20070626,-0.35,0.14,-0.31,0.019
20070627,0.92,0.47,-0.39,0.019
20070628,0.03,0.14,0.15,0.019
20070629,-0.19,-0.35,0.11,0.019
20070702,1.06,-0.07,0.11,0.019
20070703,0.36,-0.05,-0.1,0.019
20070705,0.07,0.2,-0.6,0.019
20070706,0.4,-0.07,-0.08,0.019
20070709,0.1,0.06,-0.06,0.019
20070710,-1.43,-0.15,-0.37,0.019
20070711,0.55,-0.29,-0.1,0.019
20070712,1.78,-0.18,-0.32,0.019
20070713,0.28,-0.31,0.08,0.019
20070716,-0.31,-0.46,-0.23,0.019
20070717,0.02,0.16,-0.23,0.019
20070718,-0.25,-0.21,-0.19,0.019
20070719,0.44,0.34,-0.48,0.019
20070720,-1.25,-0.27,-0.19,0.019
20070723,0.36,-0.42,-0.42,0.019
20070724,-2.04,-0.53,-0.22,0.019
20070725,0.3,-0.41,0.08,0.019
20070726,-2.36,-0.01,-0.23,0.019
20070727,-1.51,-0.06,0.14,0.019
20070730,0.93,-0.24,-0.08,0.019
20070731,-1.19,0.32,-0.02,0.019
20070801,0.51,-0.5,-0.25,0.018
20070802,0.55,0.15,-0.36,0.018
20070803,-2.66,-0.63,-0.73,0.018
20070806,2.07,-1.17,-0.41,0.018
20070807,0.65,0.27,-0.67,0.018
20070808,1.47,1.16,-0.73,0.018
20070809,-2.74,1.65,-0.61,0.018
20070810,0.03,0.05,1.35,0.018
20070813,-0.06,-1.15,0.32,0.018
20070814,-1.83,-0.04,-0.19,0.018
20070815,-1.46,0.04,-0.04,0.018
20070816,0.31,1.2,1.16,0.018
20070817,2.36,-0.42,0.38,0.018
20070820,0,0.16,-0.32,0.018
20070821,0.15,-0.06,0.08,0.018
20070822,1.2,0.05,-0.01,0.018
20070823,-0.23,-0.98,0.16,0.018
20070824,1.21,0.12,-0.22,0.018
20070827,-0.85,-0.11,-0.15,0.018
20070828,-2.33,-0.07,-0.41,0.018
20070829,2.13,0.11,0.01,0.018
20070830,-0.43,0,-0.48,0.018
20070831,1.12,0.05,-0.08,0.018
20070904,1.03,-0.2,0.05,0.017
20070905,-1.05,0.03,-0.32,0.017
20070906,0.42,0,-0.19,0.017
20070907,-1.7,-0.3,0.19,0.017
20070910,-0.27,-0.51,-0.22,0.017
20070911,1.35,0.05,-0.33,0.017
20070912,-0.03,-0.44,-0.2,0.017
20070913,0.69,-0.68,0.3,0.017
20070914,0.1,0.36,-0.06,0.017
20070917,-0.6,-0.44,0.04,0.017
20070918,2.88,0.59,0.36,0.017
20070919,0.59,0.6,0.24,0.017
20070920,-0.65,-0.14,-0.31,0.017
20070921,0.43,-0.24,-0.24,0.017
20070924,-0.56,-0.38,-0.63,0.017
20070925,-0.03,-0.29,-0.38,0.017
20070926,0.6,0.12,-0.08,0.017
20070927,0.43,0.2,-0.03,0.017
20070928,-0.37,-0.54,0.03,0.017
20071001,1.37,0.81,0.07,0.014
20071002,0.11,0.65,0.18,0.014
20071003,-0.48,-0.22,-0.17,0.014
20071004,0.18,-0.03,0.05,0.014
20071005,1.1,0.64,-0.07,0.014
20071008,-0.27,-0.18,-0.29,0.014
20071009,0.78,-0.23,-0.15,0.014
20071010,-0.13,0.02,-0.4,0.014
20071011,-0.58,-0.67,0.6,0.014
20071012,0.51,0.11,-0.31,0.014
20071015,-0.89,-0.39,-0.21,0.014
20071016,-0.67,-0.03,-0.28,0.014
20071017,0.22,-0.15,-0.26,0.014
20071018,-0.1,0.11,-0.39,0.014
20071019,-2.45,-0.47,0.02,0.014
20071022,0.47,0.9,0.06,0.014
20071023,0.85,0.06,-0.54,0.014
20071024,-0.33,-0.45,-0.21,0.014
20071025,-0.19,-0.31,-0.02,0.014
20071026,1.38,0.26,0.37,0.014
20071029,0.4,-0.27,-0.58,0.014
20071030,-0.64,0.09,0.13,0.014
20071031,1.23,0.04,-0.13,0.014
20071101,-2.66,-0.86,-0.43,0.016
20071102,0.08,0.19,-0.9,0.016
20071105,-0.59,-0.28,-0.11,0.016
20071106,1.19,0.02,-0.17,0.016
20071107,-2.77,-0.04,-0.46,0.016
20071108,-0.05,0.54,1.16,0.016
20071109,-1.46,0.23,0.87,0.016
20071112,-1.08,0.38,0.28,0.016
20071113,2.81,-0.45,0.05,0.016
20071114,-0.63,-0.22,-0.18,0.016
20071115,-1.25,0.05,-0.06,0.016
20071116,0.41,-0.62,-0.63,0.016
20071119,-1.81,-0.26,-0.37,0.016
20071120,0.31,-0.56,-0.1,0.016
20071121,-1.54,0.41,0.09,0.016
20071123,1.59,0.17,0.19,0.016
20071126,-2.09,-0.06,-0.65,0.016
20071127,1.31,-0.54,-0.19,0.016
20071128,2.9,0.29,-0.2,0.016
20071129,0.01,-0.5,-0.31,0.016
20071130,0.7,-0.62,0.86,0.016
20071203,-0.6,-0.53,0.1,0.014
20071204,-0.61,-0.15,-0.16,0.014
20071205,1.47,0.02,-0.04,0.014
20071206,1.55,0.85,0.27,0.014
20071207,-0.07,0.04,-0.05,0.014
20071210,0.71,-0.14,0.24,0.014
20071211,-2.5,-0.26,-0.07,0.014
20071212,0.48,0.04,-0.2,0.014
20071213,0.06,-0.33,-0.32,0.014
20071214,-1.36,-0.49,-0.26,0.014
20071217,-1.59,-0.2,0.31,0.014
20071218,0.65,1.13,-0.01,0.014
20071219,-0.1,0.31,-0.42,0.014
20071220,0.64,0.86,-0.39,0.014
20071221,1.64,0.33,-0.02,0.014
20071224,0.8,0.09,0.21,0.014
20071226,0.1,0.22,-0.04,0.014
20071227,-1.49,-1.16,0.04,0.014
20071228,0.12,-0.37,-0.14,0.014
20071231,-0.65,0.03,0.42,0.014
20080102,-1.46,-0.1,-0.1,0.01
20080103,-0.14,-1.02,-0.37,0.01
20080104,-2.56,-0.5,0.13,0.01
20080107,0.16,0.11,0.13,0.01
20080108,-1.81,-0.43,-0.86,0.01
20080109,1.1,-0.36,-0.64,0.01
20080110,0.89,-0.16,0.57,0.01
20080111,-1.42,-0.77,0.25,0.01
20080114,1.02,-0.04,-0.2,0.01
20080115,-2.39,0.49,-0.12,0.01
20080116,-0.51,0.82,1.2,0.01
20080117,-2.8,0.38,-0.11,0.01
20080118,-0.56,-0.24,-0.88,0.01
20080122,-0.98,0.32,1.19,0.01
20080123,2.04,0.68,1.65,0.01
20080124,1.02,-0.94,-0.53,0.01
20080125,-1.39,0.82,0.24,0.01
20080128,1.71,0.04,0.99,0.01
20080129,0.69,-0.48,0.99,0.01
20080130,-0.59,-0.37,-0.1,0.01
20080131,1.66,0.84,0.46,0.01
20080201,1.48,0.69,0.05,0.007
20080204,-0.99,0.18,-0.17,0.007
20080205,-3.01,0.44,0.03,0.007
20080206,-0.85,-0.37,0.51,0.007
20080207,0.82,0.4,0.03,0.007
20080208,-0.3,-0.09,-0.33,0.007
20080211,0.58,-0.18,-0.59,0.007
20080212,0.61,-0.16,-0.06,0.007
20080213,1.46,0.71,0.03,0.007
20080214,-1.35,-0.77,0.14,0.007
20080215,-0.02,-0.82,0.33,0.007
20080219,-0.06,0.28,-0.36,0.007
20080220,0.83,0.22,-0.02,0.007
20080221,-1.28,-0.35,-0.19,0.007
20080222,0.61,-0.85,0.63,0.007
20080225,1.46,0.45,-0.06,0.007
20080226,0.72,0.41,-0.09,0.007
20080227,-0.11,-0.04,-0.24,0.007
20080228,-0.93,-0.39,-0.48,0.007
20080229,-2.64,0.11,-0.16,0.007
20080303,-0.04,-0.23,-0.35,0.009
20080304,-0.36,0,-0.05,0.009
20080305,0.56,-0.2,-0.36,0.009
20080306,-2.26,-0.41,-0.24,0.009
20080307,-0.88,0.25,0.59,0.009
20080310,-1.72,-0.59,0.5,0.009
20080311,3.57,0.2,0.22,0.009
20080312,-0.77,0.21,-0.81,0.009
20080313,0.65,1.32,-0.21,0.009
20080314,-2.07,-0.2,-0.26,0.009
20080317,-1.21,-0.77,0.51,0.009
20080318,4.09,0.02,-0.25,0.009
20080319,-2.37,-0.01,0.2,0.009
20080320,2.3,-0.16,0.75,0.009
20080324,1.71,1.13,-0.61,0.009
20080325,0.38,0.44,-0.17,0.009
20080326,-0.82,0.61,-0.49,0.009
20080327,-1.13,-0.2,0.02,0.009
20080328,-0.82,-0.44,0.26,0.009
20080331,0.57,0.04,0.59,0.009
20080401,3.37,-0.74,0.05,0.008
20080402,-0.09,0.47,-0.14,0.008
20080403,0.14,-0.08,-0.06,0.008
20080404,0.16,0.09,-0.46,0.008
20080407,0.14,-0.45,0.49,0.008
20080408,-0.34,0.33,-0.05,0.008
20080409,-0.96,-0.8,-0.22,0.008
20080410,0.53,0.69,-0.55,0.008
20080411,-2.02,-0.63,0.54,0.008
20080414,-0.38,0.18,-0.32,0.008
20080415,0.46,0.29,0.27,0.008
20080416,2.27,0.48,0.15,0.008
20080417,-0.1,-0.86,0.34,0.008
20080418,1.67,0.12,-0.66,0.008
20080421,-0.17,-0.13,-0.55,0.008
20080422,-0.97,-1.1,0.29,0.008
20080423,0.26,0.2,-1.16,0.008
20080424,0.66,0.54,0.38,0.008
20080425,0.68,-0.21,0.17,0.008
20080428,-0.03,0.55,0.19,0.008
20080429,-0.36,-0.42,0.34,0.008
20080430,-0.3,-0.12,0.09,0.008
20080501,1.66,0.06,0.23,0.008
20080502,0.2,-0.76,0.02,0.008
20080505,-0.41,0.3,-0.13,0.008
20080506,0.75,-0.03,0.29,0.008
20080507,-1.66,0.06,-0.18,0.008
20080508,0.37,0.14,-0.16,0.008
20080509,-0.54,0.66,-0.25,0.008
20080512,1.1,0.66,-0.34,0.008
20080513,0.09,0.67,-0.04,0.008
20080514,0.38,-0.43,0.17,0.008
20080515,1.02,-0.08,-0.3,0.008
20080516,0.1,-0.4,0.03,0.008
20080519,-0.02,-0.28,0.25,0.008
20080520,-0.8,0.62,-0.17,0.008
20080521,-1.56,0.46,0.18,0.008
20080522,0.38,0.29,-0.04,0.008
20080523,-1.24,0.15,-0.37,0.008
20080527,0.72,0.58,-0.22,0.008
20080528,0.49,-0.06,-0.07,0.008
20080529,0.61,0.3,-0.25,0.008
20080530,0.29,0.26,0,0.008
20080602,-0.98,0.16,0.24,0.008
20080603,-0.46,0.28,0.02,0.008
20080604,0.02,0.69,-0.74,0.008
20080605,1.95,0.31,-0.09,0.008
20080606,-2.9,0.16,-0.03,0.008
20080609,-0.03,-0.53,-0.22,0.008
20080610,-0.31,0.01,-0.21,0.008
20080611,-1.66,-0.14,-0.15,0.008
20080612,0.31,0,-0.06,0.008
20080613,1.55,0.27,-0.35,0.008
20080616,0.15,0.88,-0.19,0.008
20080617,-0.55,0.15,-0.25,0.008
20080618,-0.96,0.2,0.26,0.008
20080619,0.34,0.49,-0.58,0.008
20080620,-1.79,0.34,0.07,0.008
20080623,-0.16,-0.61,-0.31,0.008
20080624,-0.54,-1.17,0.28,0.008
20080625,0.64,0.35,-0.44,0.008
20080626,-2.83,0.56,0.13,0.008
20080627,-0.37,0.23,-0.42,0.008
20080630,-0.07,-1.21,0.32,0.008
20080701,0.29,-0.45,0.27,0.007
20080702,-2,-0.86,0.12,0.007
20080703,-0.15,-0.68,-0.17,0.007
20080707,-0.81,0.12,-1.1,0.007
20080708,1.84,1.01,2.36,0.007
20080709,-2.06,-0.08,-1.32,0.007
20080710,0.65,-0.02,-1.23,0.007
20080711,-0.88,1.48,-1.11,0.007
20080714,-0.93,-0.13,-2.43,0.007
20080715,-0.96,1.15,-1.15,0.007
20080716,2.52,0.03,4.75,0.007
20080717,1.13,-0.08,4.11,0.007
20080718,-0.08,-0.78,1.09,0.007
20080721,0.16,0.3,-0.57,0.007
20080722,1.37,0.95,3.16,0.007
20080723,0.32,0.05,1.6,0.007
20080724,-2.31,0.51,-2.87,0.007
20080725,0.47,0.9,-0.99,0.007
20080728,-1.76,0.02,-1.38,0.007
20080729,2.27,-0.29,3.17,0.007
20080730,1.58,-1.35,-0.15,0.007
20080731,-1.16,0.61,0.38,0.007
20080801,-0.47,0.66,0.85,0.006
20080804,-1.09,-0.22,0.5,0.006
20080805,2.65,-0.57,1.66,0.006
20080806,0.5,0.53,-1.14,0.006
20080807,-1.73,0.62,-1.73,0.006
20080808,2.28,0.59,1.37,0.006
20080811,0.83,1.37,1.2,0.006
20080812,-1.05,0.98,-1.93,0.006
20080813,-0.15,0.75,-2.03,0.006
20080814,0.63,0.1,1.3,0.006
20080815,0.38,-0.36,1.07,0.006
20080818,-1.45,0.28,-0.89,0.006
20080819,-1,-0.56,-1.24,0.006
20080820,0.54,-0.65,-0.07,0.006
20080821,0.12,-0.9,-0.46,0.006
20080822,1.14,0.43,1.03,0.006
20080825,-1.92,-0.12,-0.52,0.006
20080826,0.33,-0.2,0.14,0.006
20080827,0.88,0.27,0.29,0.006
20080828,1.51,0.15,1.8,0.006
20080829,-1.25,0.24,0.63,0.006
20080902,-0.44,0.31,2.03,0.007
20080903,-0.23,0.54,1.66,0.007
20080904,-2.9,0.2,-0.47,0.007
20080905,0.42,-0.83,1.58,0.007
20080908,1.76,-0.56,2.2,0.007
20080909,-3.41,0.58,-0.69,0.007
20080910,0.7,0.4,-0.78,0.007
20080911,1.22,-0.94,0.18,0.007
20080912,0.29,-0.17,-0.21,0.007
20080915,-4.45,1.47,-2.24,0.007
20080916,1.65,0.28,1.96,0.007
20080917,-4.6,0.6,-2.13,0.007
20080918,4.41,1.08,4.83,0.007
20080919,4.27,-1.97,3.6,0.007
20080922,-3.93,0.33,-3.37,0.007
20080923,-1.55,0.1,0.15,0.007
20080924,-0.32,-1.05,-0.76,0.007
20080925,1.7,-1.16,0.65,0.007
20080926,0.11,-0.9,0.95,0.007
20080929,-8.26,3.41,-3.67,0.007
20080930,4.88,-3.67,2.85,0.007
20081001,-0.47,-0.82,2.78,0.004
20081002,-4.2,-0.59,0.63,0.004
20081003,-1.47,-0.83,-1.24,0.004
20081006,-3.95,-0.05,0.45,0.004
20081007,-5.76,1.07,-3.4,0.004
20081008,-1.27,-0.21,-2.2,0.004
20081009,-7.36,-0.24,-2.54,0.004
20081010,-0.95,3.83,3.01,0.004
20081013,11.35,-2.42,-2.36,0.004
20081014,-0.86,-2.99,4.43,0.004
20081015,-8.78,0.24,0.82,0.004
20081016,4.32,2.17,-1.63,0.004
20081017,-0.41,-0.78,-0.77,0.004
20081020,4.55,-1.24,-0.87,0.004
20081021,-2.95,0.06,0.57,0.004
20081022,-5.76,0.9,0.13,0.004
20081023,0.29,-3.35,-0.86,0.004
20081024,-3.28,-0.08,-0.35,0.004
20081027,-3.36,-0.86,0.35,0.004
20081028,9.77,-3.75,0.27,0.004
20081029,-0.47,2.82,-1.39,0.004
20081030,2.99,2.01,-0.64,0.004
20081031,1.88,2.28,1.96,0.004
20081103,-0.05,0.13,0.59,0.001
20081104,3.57,-2.61,0.2,0.001
20081105,-5.05,0.2,-1.46,0.001
20081106,-4.83,1.55,-0.41,0.001
20081107,2.62,-1.15,-0.78,0.001
20081110,-1.32,-0.7,-2.04,0.001
20081111,-2.25,0.16,0.02,0.001
20081112,-5.14,-0.5,-1.07,0.001
20081113,6.79,0.75,-0.11,0.001
20081114,-4.27,-2.23,0.03,0.001
20081117,-2.43,1.82,-1.62,0.001
20081118,0.7,-1.27,-0.69,0.001
20081119,-6.29,-0.03,-3.09,0.001
20081120,-6.6,1.7,-2.49,0.001
20081121,6.11,-1.25,-2.04,0.001
20081124,6.27,-1.32,4.65,0.001
20081125,0.94,0.06,2.27,0.001
20081126,3.88,1.65,0.24,0.001
20081128,1.06,-0.66,1.91,0.001
20081201,-8.95,-0.74,-3.52,0
20081202,3.97,0.67,2.54,0
20081203,2.63,-0.22,1.47,0
20081204,-2.9,0.02,1.25,0
20081205,3.75,0.08,1.78,0
20081208,3.8,-0.37,0.15,0
20081209,-2.23,-0.59,-1.22,0
20081210,1.2,1.05,-0.98,0
20081211,-2.93,-1.18,-2.2,0
20081212,0.96,2.3,0.6,0
20081215,-1.54,-1.27,-1.26,0
20081216,5.15,-0.18,2.42,0
20081217,-0.62,1.73,-0.51,0
20081218,-1.83,0.91,-0.34,0
20081219,0.35,0.72,-0.03,0
20081222,-1.87,0,-0.75,0
20081223,-0.89,-0.11,-0.9,0
20081224,0.51,-0.32,0.59,0
20081226,0.63,0.58,0.07,0
20081229,-0.56,-1.41,-0.03,0
20081230,2.47,0.56,0.98,0
20081231,1.7,1.54,0.77,0
20090102,3.11,-1.32,-0.36,0
20090105,-0.28,0.64,-1.12,0
20090106,0.87,1.01,0.87,0
20090107,-2.96,0.32,-1.11,0
20090108,0.47,0.72,0.41,0
20090109,-2.21,-1.43,-1.11,0
20090112,-2.28,0.3,-1.81,0
20090113,0.28,0.41,0.21,0
20090114,-3.38,-0.54,-1.24,0
20090115,0.39,2.26,-2.25,0
20090116,0.74,0.44,-1.02,0
20090120,-5.34,0.12,-3.9,0
20090121,4.21,-1.2,2.53,0
20090122,-1.62,-1.01,-1.61,0
20090123,0.44,-0.49,0.9,0
20090126,0.54,0.76,-0.6,0
20090127,1.08,-0.42,0.32,0
20090128,3.32,-0.59,2.63,0
20090129,-3.23,-0.15,-2.29,0
20090130,-2.16,0.19,-1.19,0
20090202,0.06,1.29,-0.5,0.001
20090203,1.46,-0.19,-2.35,0.001
20090204,-0.6,-0.23,-0.43,0.001
20090205,1.61,0.14,-0.24,0.001
20090206,2.79,-0.04,2.19,0.001
20090209,0.03,-0.93,0.2,0.001
20090210,-4.62,1.06,-2.78,0.001
20090211,0.75,-0.76,1.25,0.001
20090212,0.3,0.32,-0.59,0.001
20090213,-0.85,0.97,-1.44,0.001
20090217,-4.36,1,-2.3,0.001
20090218,-0.33,-0.93,-0.71,0.001
20090219,-1.15,-0.04,-1.99,0.001
20090220,-1.16,-0.02,-0.99,0.001
20090223,-3.43,-0.47,0.87,0.001
20090224,4,-0.96,2.93,0.001
20090225,-1.15,-1.45,0.18,0.001
20090226,-1.53,-0.42,1.28,0.001
20090227,-2.01,1.8,-2.12,0.001
20090302,-4.75,-0.24,-0.29,0.001
20090303,-0.71,-0.69,-2.42,0.001
20090304,2.42,0.53,-0.98,0.001
20090305,-4.21,-0.48,-2.99,0.001
20090306,0.2,0.41,-0.66,0.001
20090309,-1.09,-0.93,0.33,0.001
20090310,6.35,-0.91,4.15,0.001
20090311,0.3,-0.55,0.57,0.001
20090312,4.16,1.12,2.6,0.001
20090313,0.73,0.17,0.55,0.001
20090316,-0.55,-1.02,0.42,0.001
20090317,3.2,0.68,1.41,0.001
20090318,2.18,0.09,3.96,0.001
20090319,-1.03,1,-2.53,0.001
20090320,-1.95,-0.36,-0.79,0.001
20090323,6.89,-0.65,4.03,0.001
20090324,-1.93,-1.14,-1.53,0.001
20090325,0.94,0.96,1.3,0.001
20090326,2.68,1.89,-0.01,0.001
20090327,-2.06,-1.35,0.28,0.001
20090330,-3.47,1.74,-3.83,0.001
20090331,1.29,-0.56,1.52,0.001
20090401,1.65,-0.5,1.47,0.001
20090402,3.07,1.93,0.49,0.001
20090403,1.02,-0.12,0.86,0.001
20090406,-0.92,-0.66,-0.48,0.001
20090407,-2.42,-0.73,-0.19,0.001
20090408,1.28,1.06,0.09,0.001
20090409,3.92,0.36,4.33,0.001
20090413,0.26,-0.92,2.27,0.001
20090414,-2.02,-0.07,-2.85,0.001
20090415,1.12,-0.15,2.32,0.001
20090416,1.69,1.23,0.13,0.001
20090417,0.55,0.86,0.27,0.001
20090420,-4.32,0.05,-4.22,0.001
20090421,2.19,0.79,3.08,0.001
20090422,-0.61,1.47,-1.1,0.001
20090423,0.66,-1.83,0.24,0.001
20090424,1.77,0.8,0.17,0.001
20090427,-0.95,-0.46,-1.71,0.001
20090428,-0.2,0.92,0.07,0.001
20090429,2.41,0.75,1.18,0.001
20090430,-0.04,-0.42,-0.64,0.001
20090501,0.45,-0.48,-0.25,0
20090504,3.36,-0.39,2.93,0
20090505,-0.27,0.19,-0.15,0
20090506,1.45,-2.07,2.63,0
20090507,-1.42,-0.77,-0.8,0
20090508,2.48,0.26,2.76,0
20090511,-2.01,1.22,-2.45,0
20090512,-0.31,-0.79,-1.63,0
20090513,-2.91,-1.52,-1.48,0
20090514,1.11,0.5,0.96,0
20090515,-1.02,0.56,-1.13,0
20090518,3.13,0.35,1.93,0
20090519,-0.04,0.2,-1.21,0
20090520,-0.48,-0.02,-1.1,0
20090521,-1.68,-0.11,0.35,0
20090522,-0.15,-0.34,-0.58,0
20090526,2.78,1.52,0.62,0
20090527,-1.8,0.25,-1.29,0
20090528,1.35,-1.37,0.45,0
20090529,1.38,0.56,-0.21,0
20090601,2.72,1.55,-0.72,0
20090602,0.29,0.85,-0.19,0
20090603,-1.39,0.78,-0.84,0
20090604,1.18,0.15,1.08,0
20090605,-0.19,0.13,-0.56,0
20090608,-0.2,-0.97,0.6,0
20090609,0.49,0.34,-0.28,0
20090610,-0.35,-0.33,-0.47,0
20090611,0.63,-0.21,0.26,0
20090612,0.03,-0.19,0.01,0
20090615,-2.38,-0.3,-0.33,0
20090616,-1.33,-0.09,-0.26,0
20090617,-0.08,0.9,-0.98,0
20090618,0.74,-0.64,0.41,0
20090619,0.35,0.29,0.11,0
20090622,-3.08,-0.37,-0.71,0
20090623,0.08,-1.1,0.14,0
20090624,0.78,0.27,-0.18,0
20090625,2.19,0.81,0.04,0
20090626,0.04,1.57,0.13,0
20090629,0.82,-1.09,0.36,0
20090630,-0.74,0.25,-0.19,0
20090701,0.54,1.49,0.19,0.001
20090702,-2.89,-0.6,-1.03,0.001
20090706,-0.03,-0.94,-0.97,0.001
20090707,-1.93,0.03,-0.15,0.001
20090708,-0.2,-0.56,-1.11,0.001
20090709,0.35,-0.58,1.25,0.001
20090710,-0.35,0.94,-0.5,0.001
20090713,2.43,-0.69,1.81,0.001
20090714,0.59,0.32,0.63,0.001
20090715,2.98,0.56,1.41,0.001
20090716,0.94,0.46,-0.11,0.001
20090717,-0.05,-0.23,-0.04,0.001
20090720,1.19,0.33,0.37,0.001
20090721,0.31,-0.53,-0.81,0.001
20090722,0.08,0.61,0.34,0.001
20090723,2.37,0.59,1.09,0.001
20090724,0.38,0.31,0.15,0.001
20090727,0.3,0.09,0.98,0.001
20090728,-0.2,0.29,-0.34,0.001
20090729,-0.46,-0.13,-0.82,0.001
20090730,1.24,0.31,1.45,0.001
20090731,0.05,-0.17,1.27,0.001
20090803,1.63,0.1,1.68,0.001
20090804,0.32,0.43,0.83,0.001
20090805,-0.3,-1.11,1.7,0.001
20090806,-0.62,-0.98,0.05,0.001
20090807,1.44,0.98,1.18,0.001
20090810,-0.32,0.47,0.27,0.001
20090811,-1.25,-0.07,-1.14,0.001
20090812,1.21,0.44,0.55,0.001
20090813,0.73,-0.3,1.11,0.001
20090814,-0.97,-1.21,-0.28,0.001
20090817,-2.46,-0.11,-1.69,0.001
20090818,1.11,0.47,1.3,0.001
20090819,0.72,0.44,-0.39,0.001
20090820,1,-0.04,0.84,0.001
20090821,1.83,0.36,0.68,0.001
20090824,-0.09,0.06,-0.27,0.001
20090825,0.27,0.16,0.65,0.001
20090826,-0.01,0.14,0.1,0.001
20090827,0.21,-0.15,0.53,0.001
20090828,-0.19,-0.38,0.54,0.001
20090831,-0.86,-0.48,-0.63,0.001
20090901,-2.15,0.1,-2.03,0
20090902,-0.28,0.14,-0.7,0
20090903,0.93,0.03,1.09,0
20090904,1.31,0.26,0.27,0
20090908,0.88,0.2,0.09,0
20090909,0.9,0.8,0.67,0
20090910,1.08,0.46,0.93,0
20090911,-0.1,0.13,-0.09,0
20090914,0.65,0.09,0.64,0
20090915,0.44,0.58,0.59,0
20090916,1.55,0.41,1.3,0
20090917,-0.3,-0.07,-0.34,0
20090918,0.23,0.11,-0.19,0
20090921,-0.27,-0.17,-0.67,0
20090922,0.66,-0.09,1.5,0
20090923,-1,0.15,-0.88,0
20090924,-1.07,-0.66,-1.34,0
20090925,-0.64,0.19,-0.51,0
20090928,1.79,0.36,1.04,0
20090929,-0.12,-0.06,0.36,0
20090930,-0.4,-0.55,-0.63,0
20091001,-2.63,-0.59,-1.37,0
20091002,-0.49,-0.31,-0.14,0
20091005,1.54,0.09,1.83,0
20091006,1.42,0.53,0.25,0
20091007,0.28,-0.37,0.56,0
20091008,0.82,0.3,0.34,0
20091009,0.59,0.6,-0.22,0
20091012,0.36,-0.52,0.33,0
20091013,-0.22,0.12,-0.18,0
20091014,1.73,0.04,1.12,0
20091015,0.35,-0.23,-0.45,0
20091016,-0.82,-0.01,-1.27,0
20091019,0.92,0.08,0.02,0
20091020,-0.69,-0.7,-0.48,0
20091021,-0.9,-0.08,-0.54,0
20091022,1.05,0.03,0.65,0
20091023,-1.23,-0.8,-1.02,0
20091026,-1.2,0.02,-1.35,0
20091027,-0.51,-0.61,-0.59,0
20091028,-2.16,-1.49,-1.4,0
20091029,2.2,-0.26,1.63,0
20091030,-2.8,-0.07,-1.87,0
20091102,0.54,-0.79,-0.33,0
20091103,0.45,1.05,0.75,0
20091104,0.03,-1.05,-0.49,0
20091105,2.07,1.14,0.63,0
20091106,0.24,-0.24,-0.46,0
20091109,2.17,-0.43,1.35,0
20091110,-0.05,-0.8,-0.08,0
20091111,0.52,0.31,0.31,0
20091112,-1.12,-0.89,-0.76,0
20091113,0.61,0.36,-0.05,0
20091116,1.54,1.3,0.2,0
20091117,0.14,-0.21,-0.04,0
20091118,-0.13,-0.49,0.44,0
20091119,-1.39,-0.79,-0.59,0
20091120,-0.33,0.2,-0.47,0
20091123,1.3,0.39,-0.09,0
20091124,-0.09,-0.13,-0.43,0
20091125,0.47,-0.42,0.12,0
20091127,-1.74,-0.55,-0.77,0
20091130,0.28,-0.39,0.74,0
20091201,1.28,0.63,-0.28,0
20091202,0.18,1.03,-0.3,0
20091203,-0.86,-0.27,-0.34,0
20091204,0.7,1.53,0.75,0
20091207,-0.15,0.51,-0.26,0
20091208,-0.97,0.06,-0.13,0
20091209,0.32,-0.19,0.01,0
20091210,0.5,-0.96,-0.1,0
20091211,0.43,0.28,0.47,0
20091214,0.8,0.63,0.34,0
20091215,-0.48,0.31,-0.59,0
20091216,0.19,0.45,0.73,0
20091217,-1.18,0.25,-0.33,0
20091218,0.68,0.22,0.23,0
20091221,1.03,0.15,0.33,0
20091222,0.43,0.58,-0.1,0
20091223,0.36,0.91,-0.39,0
20091224,0.51,-0.08,0.2,0
20091228,0.08,-0.12,-0.28,0
20091229,-0.09,0.11,-0.07,0
20091230,0,-0.06,-0.09,0
20091231,-0.99,-0.2,0.32,0
20100104,1.69,0.58,1.12,0
20100105,0.31,-0.59,1.22,0
20100106,0.13,-0.25,0.52,0
20100107,0.4,0.08,0.94,0
20100108,0.33,0.4,0.01,0
20100111,0.13,-0.13,-0.21,0
20100112,-1,-0.19,-1.31,0
20100113,0.85,0.27,0.34,0
20100114,0.24,0.28,0.05,0
20100115,-1.12,-0.13,-0.4,0
20100119,1.26,0.42,-0.16,0
20100120,-0.98,-0.59,0.25,0
20100121,-1.74,0.41,-1.15,0
20100122,-2.14,0.55,-0.82,0
20100125,0.37,-0.2,0.34,0
20100126,-0.45,-0.09,-0.46,0
20100127,0.53,0.23,0.16,0
20100128,-1.18,-0.67,0.46,0
20100129,-0.97,-0.04,-0.45,0
20100201,1.39,-0.2,0.91,0
20100202,1.21,-0.42,0.67,0
20100203,-0.49,0.11,-0.38,0
20100204,-3.14,-0.15,-1.19,0
20100205,0.29,-0.05,-0.06,0
20100208,-0.79,0.05,-0.36,0
20100209,1.33,0.32,0.59,0
20100210,-0.17,0.25,0.29,0
20100211,1.13,0.72,0.07,0
20100212,-0.07,0.97,0.14,0
20100216,1.75,-0.29,1.02,0
20100217,0.49,0.11,0.12,0
20100218,0.62,0.11,0.01,0
20100219,0.28,0.05,0.48,0
20100222,-0.05,-0.04,0.58,0
20100223,-1.24,0.27,-0.94,0
20100224,0.94,-0.35,0.53,0
20100225,-0.13,0.24,0.28,0
20100226,0.13,-0.55,0.39,0
20100301,1.2,1.21,0.07,0
20100302,0.32,0.61,0.19,0
20100303,0.09,0.17,0.09,0
20100304,0.37,0.09,0.23,0
20100305,1.43,0.39,0.61,0
20100308,0.02,0.08,0.26,0
20100309,0.21,0.24,-0.1,0
20100310,0.53,0.05,0.69,0
20100311,0.43,-0.09,-0.11,0
20100312,-0.02,0.03,-0.28,0
20100315,-0.02,-0.31,-0.48,0
20100316,0.78,-0.14,0.59,0
20100317,0.57,0.04,0.35,0
20100318,-0.1,-0.17,-0.57,0
20100319,-0.62,-0.6,-0.63,0
20100322,0.67,0.89,0.01,0
20100323,0.8,0.35,0.36,0
20100324,-0.6,-0.64,0.82,0
20100325,-0.26,-0.48,-0.28,0
20100326,0.06,-0.08,0.31,0
20100329,0.59,-0.07,0.19,0
20100330,0.04,0.29,-0.45,0
20100331,-0.36,-0.5,0.15,0
20100401,0.75,-0.01,0.79,0.001
20100405,0.95,1.07,0.92,0.001
20100406,0.19,0.24,0.46,0.001
20100407,-0.48,0.21,0.24,0.001
20100408,0.31,-0.28,0.39,0.001
20100409,0.66,-0.12,0.17,0.001
20100412,0.23,0.27,0.06,0.001
20100413,0.07,0.16,-0.04,0.001
20100414,1.24,0.87,1.41,0.001
20100415,0.11,0.59,-0.04,0.001
20100416,-1.53,0.8,-1.83,0.001
20100419,0.28,-0.85,-0.08,0.001
20100420,0.88,0.66,0.56,0.001
20100421,-0.06,0.71,0.2,0.001
20100422,0.37,0.81,0.49,0.001
20100423,0.7,0.37,0.57,0.001
20100426,-0.43,0.45,-0.31,0.001
20100427,-2.34,0.11,-1.41,0.001
20100428,0.56,-0.74,0.74,0.001
20100429,1.34,0.46,0.46,0.001
20100430,-1.72,-0.97,-0.92,0.001
20100503,1.36,0.65,0.61,0.001
20100504,-2.5,-0.58,-0.89,0.001
20100505,-0.75,-0.74,-0.63,0.001
20100506,-3.27,-0.27,-0.9,0.001
20100507,-1.75,-1.35,-0.48,0.001
20100510,4.47,0.97,1.17,0.001
20100511,-0.17,1.16,-0.15,0.001
20100512,1.63,1.48,0.19,0.001
20100513,-1.12,0.32,-0.3,0.001
20100514,-1.92,-0.27,-0.76,0.001
20100517,0.11,0.04,-0.56,0.001
20100518,-1.41,-0.24,-0.96,0.001
20100519,-0.63,-0.97,0.03,0.001
20100520,-3.99,-0.89,-1.16,0.001
20100521,1.44,-0.45,1.58,0.001
20100524,-1.19,0.33,-0.91,0.001
20100525,-0.03,-0.47,0.54,0.001
20100526,-0.35,0.83,0.38,0.001
20100527,3.45,0.66,1.61,0.001
20100528,-1.18,0.06,-0.63,0.001
20100601,-1.89,-1.09,-1.57,0.001
20100602,2.63,0.19,0.43,0.001
20100603,0.54,0.7,-0.28,0.001
20100604,-3.62,-1.22,-0.7,0.001
20100607,-1.52,-1.08,-1.06,0.001
20100608,0.9,-1.47,0.17,0.001
20100609,-0.46,0.74,-0.17,0.001
20100610,2.95,0.4,0.9,0.001
20100611,0.62,0.93,0.06,0.001
20100614,-0.06,0.66,0.01,0.001
20100615,2.36,0.08,0.91,0.001
20100616,-0.11,-0.21,-0.32,0.001
20100617,0.08,-0.16,-0.46,0.001
20100618,0.13,0,0.24,0.001
20100621,-0.47,-0.54,0,0.001
20100622,-1.63,-0.34,-0.75,0.001
20100623,-0.29,-0.05,0.23,0.001
20100624,-1.65,0.1,-0.89,0.001
20100625,0.48,1.05,1.03,0.001
20100628,-0.23,-0.02,-0.71,0.001
20100629,-3.23,-0.66,-1.28,0.001
20100630,-0.98,0.04,-0.36,0.001
20100701,-0.4,-0.31,-0.43,0.001
20100702,-0.5,-0.3,-0.43,0.001
20100706,0.33,-2,0.08,0.001
20100707,3.17,0.06,0.45,0.001
20100708,1,0.57,0,0.001
20100709,0.81,0.65,0.58,0.001
20100712,-0.11,-1.19,0.05,0.001
20100713,1.76,1.62,0.65,0.001
20100714,-0.04,-0.16,-0.76,0.001
20100715,0.02,-0.87,-0.1,0.001
20100716,-2.94,-0.56,-0.96,0.001
20100719,0.54,-0.15,-0.19,0.001
20100720,1.23,0.65,0.14,0.001
20100721,-1.3,-0.38,-0.41,0.001
20100722,2.37,1.25,0.54,0.001
20100723,1.05,1.47,-0.23,0.001
20100726,1.23,0.87,0.11,0.001
20100727,-0.23,-0.33,0.35,0.001
20100728,-0.82,-0.9,-0.03,0.001
20100729,-0.36,0.32,0.67,0.001
20100730,0.06,0.03,-0.22,0.001
20100802,2.08,-0.54,0.15,0.001
20100803,-0.55,-0.41,-0.51,0.001
20100804,0.74,0.43,-0.1,0.001
20100805,-0.22,-0.82,0.13,0.001
20100806,-0.36,-0.17,-0.34,0.001
20100809,0.62,0.62,0.05,0.001
20100810,-0.79,-1.23,-0.21,0.001
20100811,-2.91,-1.07,-0.65,0.001
20100812,-0.5,-0.07,-0.05,0.001
20100813,-0.47,-0.8,0.24,0.001
20100816,0.1,0.92,-0.2,0.001
20100817,1.31,0.59,-0.18,0.001
20100818,0.21,0.06,0.07,0.001
20100819,-1.74,-0.82,-0.42,0.001
20100820,-0.28,0.27,-0.23,0.001
20100823,-0.5,-0.94,-0.44,0.001
20100824,-1.48,0.14,0.14,0.001
20100825,0.45,1.04,0.01,0.001
20100826,-0.76,-0.08,-0.26,0.001
20100827,1.82,0.92,0.37,0.001
20100830,-1.54,-0.82,-0.4,0.001
20100831,0.01,-0.26,0.77,0.001
20100901,3.05,0.62,0.47,0.001
20100902,0.97,0.26,-0.31,0.001
20100903,1.35,0.35,0.2,0.001
20100907,-1.23,-0.79,-0.74,0.001
20100908,0.65,0.02,0.17,0.001
20100909,0.44,-0.48,0.54,0.001
20100910,0.45,-0.09,-0.13,0.001
20100913,1.3,1.12,0.21,0.001
20100914,-0.06,-0.23,-0.52,0.001
20100915,0.36,0.1,-0.23,0.001
20100916,-0.07,-0.51,-0.69,0.001
20100917,0.15,0.61,-0.58,0.001
20100920,1.6,1.13,0.23,0.001
20100921,-0.31,-0.27,-0.32,0.001
20100922,-0.52,-0.56,-0.53,0.001
20100923,-0.78,-0.07,-0.68,0.001
20100924,2.19,0.98,0.48,0.001
20100927,-0.46,0.21,-0.44,0.001
20100928,0.58,0.53,0.1,0.001
20100929,-0.17,0.66,-0.25,0.001
20100930,-0.26,0.04,0.29,0.001
20101001,0.43,-0.06,0.21,0.001
20101004,-0.88,-0.72,-0.07,0.001
20101005,2.11,0.77,0.14,0.001
20101006,-0.1,-0.39,0.47,0.001
20101007,-0.16,0.05,-0.28,0.001
20101008,0.74,0.96,-0.13,0.001
20101011,0.04,0.02,-0.22,0.001
20101012,0.39,-0.04,0.19,0.001
20101013,0.78,0.87,-0.36,0.001
20101014,-0.38,0.41,-0.41,0.001
20101015,0.18,-0.05,-1.28,0.001
20101018,0.69,0.06,0.85,0.001
20101019,-1.67,-0.68,0.26,0.001
20101020,1.06,0.07,0.09,0.001
20101021,0.11,-0.53,-0.51,0.001
20101022,0.29,0.46,-0.43,0.001
20101025,0.31,0.47,-0.52,0.001
20101026,0.02,0.01,-0.17,0.001
20101027,-0.24,-0.18,-0.22,0.001
20101028,0.08,-0.6,-0.06,0.001
20101029,0.07,0.33,-0.11,0.001
20101101,-0.01,-0.65,-0.21,0.001
20101102,0.9,1.34,-0.17,0.001
20101103,0.38,-0.06,0.17,0.001
20101104,1.94,0.47,1.05,0.001
20101105,0.41,-0.1,0.68,0.001
20101108,-0.12,0.45,-0.48,0.001
20101109,-0.78,-0.41,-0.49,0.001
20101110,0.53,0.58,0.55,0.001
20101111,-0.35,-0.06,-0.07,0.001
20101112,-1.29,-0.49,-0.06,0.001
20101115,-0.09,0.2,0.32,0.001
20101116,-1.58,-0.34,-0.15,0.001
20101117,0.07,0.34,-0.29,0.001
20101118,1.57,0.31,-0.3,0.001
20101119,0.31,0.21,-0.18,0.001
20101122,-0.02,0.6,-0.94,0.001
20101123,-1.38,0.48,-0.29,0.001
20101124,1.59,0.66,0.03,0.001
20101126,-0.67,0.3,-0.35,0.001
20101129,-0.13,0.01,0.42,0.001
20101130,-0.59,-0.21,-0.03,0.001
20101201,2.12,-0.09,0.01,0.001
20101202,1.23,-0.31,0.66,0.001
20101203,0.35,0.39,0.05,0.001
20101206,-0.03,0.76,-0.06,0.001
20101207,0.1,0.36,-0.01,0.001
20101208,0.32,-0.51,0.62,0.001
20101209,0.42,-0.01,0.65,0.001
20101210,0.67,0.44,0.24,0.001
20101213,-0.08,-0.58,0.07,0.001
20101214,0.09,-0.04,-0.11,0.001
20101215,-0.49,0.2,-0.55,0.001
20101216,0.7,0.43,-0.11,0.001
20101217,0.15,0.15,-0.13,0.001
20101220,0.23,0.01,0.33,0.001
20101221,0.68,0.35,0.73,0.001
20101222,0.29,-0.39,0.82,0.001
20101223,-0.16,0.07,-0.32,0.001
20101227,0.08,0.22,0.44,0.001
20101228,0,-0.43,0.18,0.001
20101229,0.17,0.11,-0.16,0.001
20101230,-0.11,0.14,-0.03,0.001
20101231,-0.1,-0.64,0.23,0.001
20110103,1.18,0.53,0.79,0
20110104,-0.26,-1.38,0.11,0
20110105,0.59,0.61,0.14,0
20110106,-0.15,-0.06,-0.32,0
20110107,-0.21,-0.26,-0.31,0
20110110,-0.02,0.56,-0.15,0
20110111,0.39,0.12,0.22,0
20110112,0.87,-0.06,0.25,0
20110113,-0.17,0.13,-0.38,0
20110114,0.69,0.02,0.49,0
20110118,0.18,0.07,-0.42,0
20110119,-1.24,-1.37,-0.54,0
20110120,-0.3,-1.04,0.76,0
20110121,0.11,-0.89,0.56,0
20110124,0.65,0.31,-0.22,0
20110125,0.02,-0.02,0.1,0
20110126,0.6,1.37,-0.22,0
20110127,0.26,-0.09,0.29,0
20110128,-1.88,-0.88,-0.03,0
20110131,0.71,-0.01,-0.27,0
20110201,1.75,0.5,0.53,0.001
20110202,-0.26,-0.08,-0.4,0.001
20110203,0.26,-0.06,-0.1,0.001
20110204,0.29,0.09,-0.56,0.001
20110207,0.7,0.27,0.59,0.001
20110208,0.48,0.23,0,0.001
20110209,-0.31,-0.2,-0.09,0.001
20110210,0.12,0.35,-0.3,0.001
20110211,0.67,0.42,0.51,0.001
20110214,0.3,0.22,-0.15,0.001
20110215,-0.38,-0.37,0.3,0.001
20110216,0.68,0.38,0.26,0.001
20110217,0.37,0.38,0.21,0.001
20110218,0.12,-0.14,-0.03,0.001
20110222,-2.19,-0.53,-0.35,0.001
20110223,-0.78,-1.18,0.4,0.001
20110224,0.04,0.72,-0.32,0.001
20110225,1.22,1.01,0.22,0.001
20110228,0.42,-0.45,0.27,0.001
20110301,-1.58,-0.3,-0.06,0
20110302,0.28,0.33,-0.23,0
20110303,1.76,0.45,-0.04,0
20110304,-0.67,0.3,-0.53,0
20110307,-0.96,-0.72,0.12,0
20110308,0.97,0.46,0.67,0
20110309,-0.17,-0.26,0.32,0
20110310,-1.93,-0.74,-0.31,0
20110311,0.69,-0.34,0.14,0
20110314,-0.59,0.1,-0.4,0
20110315,-1.05,0.27,-0.14,0
20110316,-1.77,0.64,-0.07,0
20110317,1.12,-0.82,0.58,0
20110318,0.49,0.58,0.23,0
20110321,1.58,0.96,-0.26,0
20110322,-0.34,-0.09,-0.04,0
20110323,0.31,0.16,-0.39,0
20110324,0.96,-0.11,-0.42,0
20110325,0.41,0.43,-0.04,0
20110328,-0.35,0.05,-0.18,0
20110329,0.74,0.26,-0.19,0
20110330,0.79,0.43,0.08,0
20110331,-0.11,0.59,-0.31,0
20110401,0.52,-0.1,0.24,0
20110404,0.09,0.25,-0.11,0
20110405,0.08,0.47,-0.2,0
20110406,0.21,-0.2,0.6,0
20110407,-0.2,-0.21,-0.16,0
20110408,-0.47,-0.56,-0.27,0
20110411,-0.39,-0.65,-0.11,0
20110412,-0.84,-0.66,0.03,0
20110413,0.11,0.15,-0.68,0
20110414,0,0.37,-0.35,0
20110415,0.44,0.58,-0.06,0
20110418,-1.15,-0.39,-0.34,0
20110419,0.5,-0.35,-0.16,0
20110420,1.45,0.61,-0.61,0
20110421,0.56,0.32,-0.06,0
20110425,-0.16,-0.06,-0.04,0
20110426,0.89,0.15,-0.03,0
20110427,0.66,-0.08,-0.23,0
20110428,0.32,-0.14,0.12,0
20110429,0.29,0.21,-0.05,0
20110502,-0.28,-0.9,-0.14,0
20110503,-0.5,-1.01,0.44,0
20110504,-0.74,-0.55,-0.15,0
20110505,-0.82,0.51,-0.33,0
20110506,0.46,0.04,-0.17,0
20110509,0.55,0.67,-0.43,0
20110510,0.86,0.66,0.23,0
20110511,-1.09,-0.62,-0.43,0
20110512,0.52,0.36,-0.43,0
20110513,-0.88,-0.46,-0.32,0
20110516,-0.76,-1,0.44,0
20110517,-0.11,-0.48,0.12,0
20110518,1.02,0.68,-0.3,0
20110519,0.22,-0.03,-0.12,0
20110520,-0.73,0.08,-0.21,0
20110523,-1.29,-0.53,0.01,0
20110524,-0.14,-0.29,-0.01,0
20110525,0.45,1.02,-0.36,0
20110526,0.52,0.66,-0.15,0
20110527,0.49,0.18,0.23,0
20110531,1.04,0.42,-0.06,0
20110601,-2.33,-0.75,-0.25,0
20110602,-0.1,-0.03,0.12,0
20110603,-1.1,-0.55,0.18,0
20110606,-1.18,-0.27,-0.33,0
20110607,-0.04,0.31,-0.12,0
20110608,-0.54,-0.73,0.04,0
20110609,0.75,-0.07,0.02,0
20110610,-1.37,-0.24,0.44,0
20110613,0.01,-0.55,0.37,0
20110614,1.36,1.05,-0.38,0
20110615,-1.72,-0.02,-0.15,0
20110616,0.12,-0.08,0.43,0
20110617,0.25,-0.39,0.65,0
20110620,0.58,0.38,-0.08,0
20110621,1.52,0.95,-0.39,0
20110622,-0.62,-0.09,0.07,0
20110623,-0.14,0.64,-0.83,0
20110624,-1.1,0.45,0.13,0
20110627,0.89,0.04,-0.05,0
20110628,1.36,0.41,-0.53,0
20110629,0.77,-0.69,0.66,0
20110630,0.99,0.17,-0.25,0
20110701,1.45,-0.03,0.14,0
20110705,-0.08,0.21,-0.84,0
20110706,0.18,0.42,-0.56,0
20110707,1.1,0.48,0.09,0
20110708,-0.67,-0.01,-0.42,0
20110711,-1.91,-0.14,-0.28,0
20110712,-0.45,0.05,0.45,0
20110713,0.45,0.57,-0.12,0
20110714,-0.82,-0.8,0.12,0
20110715,0.58,0.11,-0.52,0
20110718,-0.94,-0.59,-0.37,0
20110719,1.72,0.57,-0.67,0
20110720,-0.1,-0.3,0.73,0
20110721,1.29,-0.35,1.06,0
20110722,0.1,-0.1,-0.74,0
20110725,-0.68,-0.58,0.09,0
20110726,-0.47,-0.38,0.15,0
20110727,-2.16,-0.81,0.43,0
20110728,-0.31,0.15,-0.12,0
20110729,-0.56,0.23,0.11,0
20110801,-0.4,-0.18,0.21,0
20110802,-2.68,-0.49,0.15,0
20110803,0.58,0.27,-0.33,0
20110804,-5.04,-0.83,0.31,0
20110805,-0.36,-1.23,-0.46,0
20110808,-6.97,-1.45,-1.56,0
20110809,4.97,0.93,0.66,0
20110810,-4.3,-0.55,-1.49,0
20110811,4.72,0.32,0.61,0
20110812,0.54,-0.19,-1.48,0
20110815,2.25,0.44,0.99,0
20110816,-1.07,-0.79,-0.1,0
20110817,-0.01,-0.33,0.71,0
20110818,-4.65,-1.02,0.58,0
20110819,-1.55,0.16,-0.37,0
20110822,-0.03,0.08,-0.81,0
20110823,3.6,1.24,-0.8,0
20110824,1.35,-0.15,0.96,0
20110825,-1.67,-0.99,0.54,0
20110826,1.74,0.91,-1.06,0
20110829,3.11,1.56,0.82,0
20110830,0.32,0.26,-0.77,0
20110831,0.42,-0.73,0.26,0
20110901,-1.33,-1.1,-0.77,0
20110902,-2.64,-0.81,-0.67,0
20110906,-0.71,0.5,-0.64,0
20110907,3.06,0.94,0.92,0
20110908,-1.18,-0.76,-0.56,0
20110909,-2.65,-0.17,0.03,0
20110912,0.68,0.01,0.31,0
20110913,1.12,0.76,-0.41,0
20110914,1.45,0.44,-0.4,0
20110915,1.64,-0.55,0.54,0
20110916,0.47,-0.39,-0.35,0
20110919,-0.99,-0.53,-1.23,0
20110920,-0.45,-1.49,0.24,0
20110921,-2.92,-0.36,-1.23,0
20110922,-3.29,0.12,0.46,0
20110923,0.74,0.66,-0.02,0
20110926,2.28,-0.64,1.24,0
20110927,1.22,1.07,-0.55,0
20110928,-2.29,-1.65,-0.18,0
20110929,0.77,0.58,2.04,0
20110930,-2.5,-0.16,-0.08,0
20111003,-3.18,-1.92,-0.62,0
20111004,2.68,3.61,0.34,0
20111005,1.92,-0.2,-0.45,0
20111006,1.94,0.25,0.51,0
20111007,-0.98,-1.27,-1.34,0
20111010,3.44,0.47,0.6,0
20111011,0.15,0.69,-0.17,0
20111012,1.07,0.5,0.9,0
20111013,-0.21,0.25,-1.21,0
20111014,1.72,0.15,-0.37,0
20111017,-2.06,-1.29,-0.45,0
20111018,2.11,0.63,1.51,0
20111019,-1.38,-0.77,0.37,0
20111020,0.42,-0.3,0.7,0
20111021,1.92,0.14,0.01,0
20111024,1.59,1.76,-0.38,0
20111025,-2.13,-0.89,-0.34,0
20111026,1.12,0.7,0.78,0
20111027,3.54,1.41,0.83,0
20111028,-0.01,-0.57,-0.45,0
20111031,-2.5,0.05,-0.8,0
20111101,-2.86,-0.53,-1.08,0
20111102,1.72,0.77,1,0
20111103,1.97,0.59,-0.12,0
20111104,-0.53,0.03,-0.58,0
20111107,0.48,-0.71,0.4,0
20111108,1.21,0,0.47,0
20111109,-3.78,-0.81,-0.64,0
20111110,0.83,0.05,0.57,0
20111111,1.98,0.48,-0.22,0
20111114,-0.92,-0.47,-0.8,0
20111115,0.56,0.88,-0.26,0
20111116,-1.64,-0.16,-0.19,0
20111117,-1.65,0.19,0.19,0
20111118,-0.07,0.06,0.91,0
20111121,-1.87,-0.5,-0.07,0
20111122,-0.44,-0.26,-0.56,0
20111123,-2.29,-0.7,-0.29,0
20111125,-0.34,-1,0.47,0
20111128,3.1,1.62,-0.7,0
20111129,0.18,-0.49,0.17,0
20111130,4.44,1.05,1.08,0
20111201,-0.22,-0.5,-0.65,0
20111202,0.05,0.45,0.64,0
20111205,1.09,0.27,0.3,0
20111206,0.04,-0.08,0.08,0
20111207,0.16,-0.31,0.73,0
20111208,-2.23,-0.74,-0.99,0
20111209,1.83,1.32,0.07,0
20111212,-1.48,0.04,-0.44,0
20111213,-1.05,-1.04,0.12,0
20111214,-1.21,-0.26,0.91,0
20111215,0.4,0.65,0.12,0
20111216,0.45,0.23,-0.1,0
20111219,-1.31,-0.43,-0.7,0
20111220,3.1,0.8,0.31,0
20111221,0.2,-0.03,1.31,0
20111222,0.83,-0.21,0.69,0
20111223,0.84,-0.58,-0.16,0
20111227,0.04,0.47,-0.52,0
20111228,-1.34,-0.73,-0.04,0
20111229,1.1,0.19,0.24,0
20111230,-0.4,-0.07,-0.14,0
20120103,1.5,-0.16,0.87,0
20120104,0,-0.66,0.09,0
20120105,0.39,0.19,0.14,0
20120106,-0.19,0.01,-0.26,0
20120109,0.28,0.23,-0.05,0
20120110,0.97,0.4,0.4,0
20120111,0.13,0.16,0.35,0
20120112,0.31,0.3,0.01,0
20120113,-0.52,-0.26,-0.45,0
20120117,0.36,-0.11,-0.72,0
20120118,1.22,0.56,0.15,0
20120119,0.51,-0.15,-0.22,0
20120120,0.03,0.24,0.65,0
20120123,0.02,-0.27,0.13,0
20120124,0,0.84,-0.4,0
20120125,0.91,0.11,-0.72,0
20120126,-0.59,0.25,-0.55,0
20120127,0.01,0.85,-0.11,0
20120130,-0.31,-0.45,-0.3,0
20120131,-0.05,-0.05,0.02,0
20120201,1.1,1.12,0.36,0
20120202,0.17,0.41,-0.05,0
20120203,1.58,0.59,0.33,0
20120206,-0.05,-0.27,-0.2,0
20120207,0.16,-0.29,-0.09,0
20120208,0.25,-0.13,0.42,0
20120209,0.15,-0.35,-0.38,0
20120210,-0.75,-0.59,-0.1,0
20120213,0.75,0.59,-0.06,0
20120214,-0.09,-0.41,-0.41,0
20120215,-0.5,-0.23,0.1,0
20120216,1.27,0.69,0.28,0
20120217,0.16,-0.3,0.5,0
20120221,-0.05,-0.66,0.37,0
20120222,-0.39,-0.38,-0.64,0
20120223,0.56,0.91,-0.08,0
20120224,0.15,-0.44,-0.65,0
20120227,0.14,-0.21,0.36,0
20120228,0.28,-0.63,-0.14,0
20120229,-0.55,-1.03,0.2,0
20120301,0.64,-0.23,0.02,0
20120302,-0.46,-1.26,0,0
20120305,-0.4,0.45,0.26,0
20120306,-1.62,-0.33,-0.33,0
20120307,0.8,0.31,0.22,0
20120308,1.07,0.37,-0.3,0
20120309,0.49,0.9,0.15,0
20120312,-0.07,-0.21,-0.03,0
20120313,1.86,0.09,0.89,0
20120314,-0.23,-0.62,-0.22,0
20120315,0.67,0.27,0.51,0
20120316,0.06,-0.27,0.39,0
20120319,0.41,0.52,-0.1,0
20120320,-0.39,-0.65,0.31,0
20120321,-0.1,0.3,-0.4,0
20120322,-0.74,-0.13,-0.43,0
20120323,0.39,0.59,0.32,0
20120326,1.45,0.47,-0.24,0
20120327,-0.3,-0.34,-0.32,0
20120328,-0.51,-0.02,0.42,0
20120329,-0.16,-0.02,-0.23,0
20120330,0.28,-0.71,-0.04,0
20120402,0.77,0.34,0.04,0
20120403,-0.34,-0.29,-0.32,0
20120404,-1.11,-0.58,0.04,0
20120405,-0.03,-0.08,-0.48,0
20120409,-1.21,-0.45,-0.04,0
20120410,-1.85,-0.41,0.09,0
20120411,0.85,0.76,0.28,0
20120412,1.44,0.07,0.31,0
20120413,-1.25,-0.15,-0.76,0
20120416,-0.09,0.14,0.85,0
20120417,1.55,0.06,-0.24,0
20120418,-0.43,-0.48,-0.41,0
20120419,-0.57,-0.04,0.3,0
20120420,0.11,0.54,-0.09,0
20120423,-0.95,-0.57,0.15,0
20120424,0.29,0.22,0.99,0
20120425,1.44,0.41,-1.04,0
20120426,0.75,-0.04,-0.03,0
20120427,0.35,0.71,-0.18,0
20120430,-0.49,-0.61,0.09,0
20120501,0.48,-0.84,0.39,0
20120502,-0.15,0.7,-0.59,0
20120503,-0.92,-0.64,0.11,0
20120504,-1.62,-0.21,0.12,0
20120507,0.04,0.14,0.49,0
20120508,-0.41,0.35,0.36,0
20120509,-0.62,0.17,-0.25,0
20120510,0.29,0.06,0.56,0
20120511,-0.29,0.22,-0.94,0
20120514,-1.14,-0.07,-0.11,0
20120515,-0.52,0.51,-0.21,0
20120516,-0.44,-0.17,-0.44,0
20120517,-1.64,-0.52,0.43,0
20120518,-0.8,-0.18,0.16,0
20120521,1.69,0.67,-1.18,0
20120522,0,-0.86,0.29,0
20120523,0.26,0.49,-0.27,0
20120524,0.16,-0.02,0.2,0
20120525,-0.16,0.23,-0.1,0
20120529,1.14,0.17,-0.01,0
20120530,-1.47,-0.28,-0.25,0
20120531,-0.23,0.14,0.56,0
20120601,-2.6,-0.54,0.21,0
20120604,-0.05,0.1,-0.56,0
20120605,0.68,0.27,0.07,0
20120606,2.32,0.07,0.22,0
20120607,-0.1,-0.46,0.13,0
20120608,0.85,0.21,0.01,0
20120611,-1.4,-0.88,-0.05,0
20120612,1.16,0.1,0.09,0
20120613,-0.77,-0.51,0.36,0
20120614,1.04,0.18,0.37,0
20120615,1.07,0.11,-0.06,0
20120618,0.21,0.12,-0.85,0
20120619,1.09,0.69,0.15,0
20120620,-0.14,-0.1,0.15,0
20120621,-2.26,-0.09,0.12,0
20120622,0.79,0.67,0.07,0
20120625,-1.62,0.08,-0.14,0
20120626,0.52,-0.12,-0.06,0
20120627,0.92,0.39,0.48,0
20120628,-0.24,0.16,0.43,0
20120629,2.55,0.39,-0.7,0
20120702,0.33,0.72,-0.04,0
20120703,0.76,0.71,0.07,0
20120705,-0.36,0.58,-0.88,0
20120706,-0.99,-0.42,0.36,0
20120709,-0.23,-0.26,-0.25,0
20120710,-0.84,-0.38,0.31,0
20120711,-0.08,-0.4,0.74,0
20120712,-0.5,0.23,-0.82,0
20120713,1.62,-0.4,0.57,0
20120716,-0.31,-0.41,-0.26,0
20120717,0.67,-0.54,0.24,0
20120718,0.71,0.3,-0.79,0
20120719,0.27,-0.35,-0.98,0
20120720,-1.06,-0.32,0.07,0
20120723,-1.02,-0.7,0.2,0
20120724,-0.99,-0.57,0.26,0
20120725,-0.01,0.27,-0.05,0
20120726,1.53,-0.82,0.39,0
20120727,1.96,0.59,0.07,0
20120730,-0.13,-0.4,0.26,0
20120731,-0.47,0,0.26,0
20120801,-0.5,-1.6,0.28,0
20120802,-0.69,0.25,-0.41,0
20120803,1.99,0.54,0.56,0
20120806,0.34,0.57,0.07,0
20120807,0.64,0.33,0.07,0
20120808,0.09,-0.25,0.57,0
20120809,0.12,0.37,0.1,0
20120810,0.17,-0.34,-0.02,0
20120813,-0.14,-0.15,0,0
20120814,-0.03,-0.43,-0.05,0
20120815,0.27,0.74,-0.07,0
20120816,0.75,0.47,-0.17,0
20120817,0.27,0.59,0.11,0
20120820,-0.06,-0.46,0.59,0
20120821,-0.31,0.1,0.4,0
20120822,0,-0.44,-0.35,0
20120823,-0.78,-0.01,-0.35,0
20120824,0.61,-0.27,-0.03,0
20120827,-0.06,0.12,-0.12,0
20120828,0.01,0.6,-0.09,0
20120829,0.15,0.25,0.12,0
20120830,-0.8,-0.45,0,0
20120831,0.52,-0.07,0,0
20120904,0.08,0.97,-0.17,0
20120905,-0.05,-0.07,0.31,0
20120906,2.07,-0.1,0.34,0
20120907,0.45,-0.01,0.78,0
20120910,-0.57,0.29,-0.07,0
20120911,0.28,0.02,0.54,0
20120912,0.27,0.12,0.31,0
20120913,1.56,-0.4,0.56,0
20120914,0.54,0.56,0.48,0
20120917,-0.42,-0.18,-0.79,0
20120918,-0.15,-0.01,-0.24,0
20120919,0.18,-0.15,0.05,0
20120920,-0.13,-0.42,-0.17,0
20120921,0.04,0.49,-0.03,0
20120924,-0.26,-0.22,0.33,0
20120925,-1.11,-0.34,-0.36,0
20120926,-0.57,-0.03,0.04,0
20120927,0.99,0.24,-0.15,0
20120928,-0.46,-0.31,-0.25,0
20121001,0.26,0.07,0.24,0
20121002,0.1,-0.15,0.27,0
20121003,0.36,-0.66,-0.02,0
20121004,0.76,-0.2,0.77,0
20121005,-0.03,-0.18,0.22,0
20121008,-0.36,-0.24,0.22,0
20121009,-1.05,-0.3,0.35,0
20121010,-0.58,0.38,0.26,0
20121011,0.11,0.33,0.68,0
20121012,-0.34,-0.31,-0.9,0
20121015,0.79,-0.15,0.17,0
20121016,1,-0.21,-0.24,0
20121017,0.49,0.15,1.13,0
20121018,-0.31,-0.59,0.27,0
20121019,-1.68,-0.4,0.47,0
20121022,0.01,-0.04,0.18,0
20121023,-1.29,0.98,-0.51,0
20121024,-0.28,-0.15,0.43,0
20121025,0.27,0.17,-0.08,0
20121026,-0.07,-0.13,-0.4,0
20121031,0.14,0.5,0.37,0
20121101,1.19,0.15,0.21,0
20121102,-1.04,-0.55,0.25,0
20121105,0.28,0.43,-0.22,0
20121106,0.8,-0.04,0.55,0
20121107,-2.31,-0.03,-1.46,0
20121108,-1.24,-0.28,0.42,0
20121109,0.15,0.03,-0.15,0
20121112,0,-0.18,0.05,0
20121113,-0.4,-0.21,-0.3,0
20121114,-1.4,-0.36,-0.24,0
20121115,-0.24,-0.43,0.17,0
20121116,0.58,0.08,0.03,0
20121119,1.98,0.25,0,0
20121120,0.11,-0.06,0.15,0
20121121,0.31,0.38,-0.06,0
20121123,1.28,-0.15,0.07,0
20121126,-0.14,0.54,-0.17,0
20121127,-0.43,0.44,-0.22,0
20121128,0.83,0.02,-0.28,0
20121129,0.54,0.69,-0.02,0
20121130,0.02,-0.14,0.27,0
20121203,-0.46,0.28,0.22,0.001
20121204,-0.16,0.35,-0.06,0.001
20121205,0.17,-0.66,0.99,0.001
20121206,0.31,-0.18,-0.15,0.001
20121207,0.27,-0.43,0.34,0.001
20121210,0.11,0.47,0.02,0.001
20121211,0.68,0.46,-0.06,0.001
20121212,-0.02,-0.7,0.54,0.001
20121213,-0.57,0.03,0.06,0.001
20121214,-0.34,0.31,0.25,0.001
20121217,1.16,-0.07,0.59,0.001
20121218,1.2,0.32,0.07,0.001
20121219,-0.6,0.6,0.24,0.001
20121220,0.53,-0.23,0.72,0.001
20121221,-0.88,0.43,-0.33,0.001
20121224,-0.24,-0.21,0,0.001
20121226,-0.54,-0.16,0.34,0.001
20121227,-0.11,0,-0.17,0.001
20121228,-1,0.45,0.01,0.001
20121231,1.71,0.42,-0.07,0.001
20130102,2.62,0.15,0.35,0
20130103,-0.14,0.12,0.04,0
20130104,0.55,0.11,0.43,0
20130107,-0.31,-0.09,-0.37,0
20130108,-0.27,0.05,-0.07,0
20130109,0.34,0.29,-0.41,0
20130110,0.66,-0.66,0.51,0
20130111,0.02,0.08,-0.45,0
20130114,-0.06,0.04,-0.08,0
20130115,0.19,0.24,0,0
20130116,-0.04,-0.24,0.23,0
20130117,0.61,0.43,-0.09,0
20130118,0.29,0.03,-0.11,0
20130122,0.48,0.16,0.46,0
20130123,0.1,-0.29,-0.12,0
20130124,0.09,0.26,0.05,0
20130125,0.59,-0.04,-0.28,0
20130128,-0.14,0.38,0.12,0
20130129,0.36,-0.45,0.36,0
20130130,-0.38,-0.88,0.12,0
20130131,-0.08,0.68,0.19,0
20130201,0.99,0.07,0.26,0
20130204,-1.19,-0.14,-0.15,0
20130205,1.07,-0.09,0.18,0
20130206,0.15,0.29,0.12,0
20130207,-0.15,-0.05,0.02,0
20130208,0.58,0.01,-0.21,0
20130211,-0.08,-0.05,0.39,0
20130212,0.16,0.2,0.71,0
20130213,0.14,0.11,-0.02,0
20130214,0.11,0.34,0.1,0
20130215,-0.11,0.03,-0.1,0
20130219,0.74,0.22,0.17,0
20130220,-1.36,-0.55,-0.64,0
20130221,-0.66,-0.31,-0.06,0
20130222,0.94,0.16,-0.06,0
20130225,-1.82,-0.21,-0.72,0
20130226,0.58,-0.18,0.02,0
20130227,1.29,-0.38,0.16,0
20130228,-0.05,0.1,-0.16,0
20130301,0.22,0.13,-0.33,0
20130304,0.47,-0.4,0.1,0
20130305,1,0.22,-0.17,0
20130306,0.18,0.06,0.47,0
20130307,0.27,0.19,0.42,0
20130308,0.52,0.38,-0.15,0
20130311,0.3,-0.34,0.23,0
20130312,-0.22,0.05,-0.13,0
20130313,0.2,0.18,0.08,0
20130314,0.58,0.38,0.39,0
20130315,-0.19,0.02,0.43,0
20130318,-0.5,0.12,-0.23,0
20130319,-0.24,-0.03,0.03,0
20130320,0.76,0.26,0,0
20130321,-0.85,0.17,-0.28,0
20130322,0.62,-0.46,-0.3,0
20130325,-0.29,0.29,0.02,0
20130326,0.76,-0.37,-0.22,0
20130327,-0.02,0.16,-0.3,0
20130328,0.39,-0.27,-0.3,0
20130401,-0.57,-0.93,0.03,0
20130402,0.33,-0.9,-0.32,0
20130403,-1.16,-0.42,-0.19,0
20130404,0.42,0.18,0.25,0
20130405,-0.41,0.05,0.35,0
20130408,0.7,0.13,0.28,0
20130409,0.31,-0.4,0.19,0
20130410,1.28,0.63,-0.1,0
20130411,0.35,-0.2,-0.15,0
20130412,-0.28,-0.13,-0.46,0
20130415,-2.48,-1.48,-0.28,0
20130416,1.47,0.18,0.07,0
20130417,-1.46,-0.29,-0.55,0
20130418,-0.71,0.16,0.02,0
20130419,0.97,0.04,0.12,0
20130422,0.45,-0.15,-0.14,0
20130423,1.11,0.46,0.63,0
20130424,0.06,0.37,1.21,0
20130425,0.49,0.2,0.01,0
20130426,-0.2,-0.35,-0.22,0
20130429,0.67,0.13,-0.08,0
20130430,0.29,0.37,-0.05,0
20130501,-1.08,-1.4,-0.27,0
20130502,1.04,0.6,0.13,0
20130503,1.12,0.62,0.16,0
20130506,0.23,0.24,0.84,0
20130507,0.54,0.12,0.14,0
20130508,0.44,-0.21,0.14,0
20130509,-0.31,0.11,-0.29,0
20130510,0.54,0.43,-0.2,0
20130513,-0.02,-0.23,-0.05,0
20130514,1.1,0.12,0.3,0
20130515,0.51,-0.15,0.27,0
20130516,-0.5,0.15,-0.27,0
20130517,1.04,-0.01,0.38,0
20130520,-0.06,0.38,0.49,0
20130521,0.16,-0.1,-0.08,0
20130522,-0.92,-0.73,-0.17,0
20130523,-0.19,0.47,-0.1,0
20130524,-0.06,0.16,0.05,0
20130528,0.77,0.64,0.22,0
20130529,-0.7,-0.36,0.58,0
20130530,0.5,0.32,0.48,0
20130531,-1.31,0.51,-0.24,0
20130603,0.48,0.17,-0.11,0
20130604,-0.55,-0.3,-0.16,0
20130605,-1.38,0.06,-0.26,0
20130606,0.89,0.15,0.26,0
20130607,1.3,-0.48,0.07,0
20130610,0.07,0.65,0.21,0
20130611,-1.04,0.01,-0.58,0
20130612,-0.82,0.01,0.03,0
20130613,1.47,0.1,0.31,0
20130614,-0.59,-0.24,-0.56,0
20130617,0.74,-0.09,0.02,0
20130618,0.8,0.38,-0.06,0
20130619,-1.28,0.17,0.11,0
20130620,-2.45,-0.02,0.34,0
20130621,0.13,0.19,-0.08,0
20130624,-1.19,0.08,-0.66,0
20130625,0.96,-0.02,0.86,0
20130626,0.92,-0.74,-0.13,0
20130627,0.77,0.84,0.36,0
20130628,-0.33,0.33,-0.14,0
20130701,0.71,0.82,-0.14,0
20130702,-0.1,0,0.09,0
20130703,0.11,0.19,-0.21,0
20130705,1.11,0.37,0.45,0
20130708,0.53,-0.19,0.05,0
20130709,0.74,0.04,0.26,0
20130710,0.06,0.35,-0.41,0
20130711,1.32,-0.11,-0.62,0
20130712,0.33,-0.01,0.2,0
20130715,0.2,0.5,0.34,0
20130716,-0.41,0.03,0.09,0
20130717,0.3,-0.04,0.18,0
20130718,0.54,0.03,0.95,0
20130719,0.09,-0.12,0.28,0
20130722,0.22,0.1,0.29,0
20130723,-0.15,0.06,0.28,0
20130724,-0.39,-0.27,-0.26,0
20130725,0.42,0.59,-0.35,0
20130726,0.02,-0.64,-0.21,0
20130729,-0.37,-0.32,-0.28,0
20130730,0.12,0.2,-0.51,0
20130731,0.09,0.15,0.09,0
20130801,1.4,0.06,0.05,0
20130802,0.2,-0.21,-0.33,0
20130805,-0.07,0.51,-0.17,0
20130806,-0.68,-0.33,-0.1,0
20130807,-0.42,-0.34,0.02,0
20130808,0.47,0,-0.01,0
20130809,-0.29,0.13,-0.2,0
20130812,-0.02,0.58,-0.22,0
20130813,0.2,-0.29,-0.05,0
20130814,-0.5,0.14,0.28,0
20130815,-1.47,-0.37,0.29,0
20130816,-0.26,0.05,0.09,0
20130819,-0.62,-0.19,-0.75,0
20130820,0.53,0.84,0.13,0
20130821,-0.59,-0.02,-0.46,0
20130822,0.93,0.52,0.05,0
20130823,0.38,-0.22,-0.14,0
20130826,-0.29,0.5,-0.5,0
20130827,-1.75,-0.74,-0.32,0
20130828,0.3,0.11,0.08,0
20130829,0.34,0.78,-0.41,0
20130830,-0.47,-1.14,-0.22,0
20130903,0.46,0.05,0.1,0
20130904,0.83,-0.01,-0.15,0
20130905,0.19,0.17,0.37,0
20130906,0.01,0.04,0,0
20130909,1.09,0.46,-0.22,0
20130910,0.8,0.01,0.22,0
20130911,0.28,-0.22,0.01,0
20130912,-0.32,-0.23,-0.34,0
20130913,0.29,0.24,-0.01,0
20130916,0.49,-0.44,0.4,0
20130917,0.54,0.47,-0.13,0
20130918,1.1,-0.16,-0.45,0
20130919,-0.13,0.16,-0.6,0
20130920,-0.63,0.53,0.18,0
20130923,-0.45,0.45,-0.37,0
20130924,-0.12,0.53,0.01,0
20130925,-0.23,0.04,0.58,0
20130926,0.42,0.21,-0.73,0
20130927,-0.39,-0.01,-0.06,0
20130930,-0.49,0.51,0.06,0
20131001,0.9,0.41,-0.13,0
20131002,-0.1,-0.36,-0.08,0
20131003,-0.88,-0.19,0.2,0
20131004,0.74,-0.02,0.1,0
20131007,-0.95,-0.27,0,0
20131008,-1.35,-0.47,0.76,0
20131009,-0.05,-0.44,0.62,0
20131010,2.23,0.16,-0.02,0
20131011,0.71,0.79,0,0
20131014,0.44,0.23,-0.11,0
20131015,-0.73,-0.19,0.01,0
20131016,1.37,-0.32,0.14,0
20131017,0.7,0.16,0.04,0
20131018,0.73,0.34,-0.05,0
20131021,-0.02,-0.12,0.05,0
20131022,0.5,-0.28,0.09,0
20131023,-0.51,0.16,-0.33,0
20131024,0.42,0.4,-0.3,0
20131025,0.33,-0.34,0.14,0
20131028,0.09,-0.06,0.02,0
20131029,0.54,-0.14,-0.11,0
20131030,-0.61,-0.77,0.49,0
20131031,-0.34,-0.09,-0.43,0
20131101,0.2,-0.68,0.22,0
20131104,0.47,0.76,-0.03,0
20131105,-0.23,0,-0.25,0
20131106,0.27,-0.83,0.39,0
20131107,-1.46,-0.36,0.18,0
20131108,1.45,0.52,0.41,0
20131111,0.12,0.01,-0.13,0
20131112,-0.19,0.38,-0.7,0
20131113,0.9,0.09,-0.12,0
20131114,0.43,-0.56,0.31,0
20131115,0.43,0.06,-0.27,0
20131118,-0.5,-0.45,0.45,0
20131119,-0.27,-0.33,0.26,0
20131120,-0.33,0.26,0.03,0
20131121,0.97,0.79,-0.06,0
20131122,0.5,-0.07,0.11,0
20131125,-0.11,0.15,0.14,0
20131126,0.18,0.85,-0.48,0
20131127,0.3,0.35,-0.06,0
20131129,-0.02,0.29,-0.17,0
20131202,-0.31,-0.97,0.16,0
20131203,-0.34,-0.08,-0.09,0
20131204,-0.07,-0.2,0.26,0
20131205,-0.35,0.7,-0.63,0
20131206,1.02,-0.29,0.2,0
20131209,0.17,-0.42,0,0
20131210,-0.34,-0.56,0.2,0
20131211,-1.16,-0.35,0.05,0
20131212,-0.23,0.36,0.25,0
20131213,0.1,0.25,-0.01,0
20131216,0.67,0.59,-0.14,0
20131217,-0.26,0.19,-0.16,0
20131218,1.55,-0.48,0.03,0
20131219,-0.1,-0.54,0.16,0
20131220,0.69,1.29,-0.3,0
20131223,0.62,0.5,-0.05,0
20131224,0.34,0.1,0.11,0
20131226,0.44,-0.32,-0.31,0
20131227,-0.05,-0.07,0.23,0
20131230,0,0.02,-0.3,0
20131231,0.44,-0.17,0.04,0
20140102,-0.88,-0.27,0.11,0
20140103,0.03,0.36,0.05,0
20140106,-0.34,-0.57,0.26,0
20140107,0.68,0.4,-0.41,0
20140108,0.04,0.01,-0.11,0
20140109,0.02,0.17,-0.38,0
20140110,0.27,0.53,-0.77,0
20140113,-1.32,-0.07,0.1,0
20140114,1.15,0.19,-0.38,0
20140115,0.53,0.21,0.21,0
20140116,-0.07,0.29,-0.68,0
20140117,-0.39,0.03,0.04,0
20140121,0.3,0.46,-0.01,0
20140122,0.15,0.27,0.21,0
20140123,-0.86,0.15,-0.5,0
20140124,-2.19,-0.39,0.22,0
20140127,-0.65,-0.86,0.46,0
20140128,0.73,0.19,-0.02,0
20140129,-1.07,-0.41,0.25,0
20140130,1.22,0.31,-0.42,0
20140131,-0.66,-0.06,-0.39,0
20140203,-2.48,-0.89,0.32,0
20140204,0.77,-0.04,-0.1,0
20140205,-0.23,-0.6,0.2,0
20140206,1.21,-0.48,0.23,0
20140207,1.33,-0.16,-0.66,0
20140210,0.16,0.12,-0.44,0
20140211,1.09,-0.19,0.25,0
20140212,0.11,0.25,-0.08,0
20140213,0.72,0.72,-0.09,0
20140214,0.42,-0.37,0.38,0
20140218,0.27,0.98,-0.24,0
20140219,-0.74,-0.28,-0.4,0
20140220,0.7,0.54,-0.14,0
20140221,-0.09,0.34,-0.04,0
20140224,0.65,0.19,0.26,0
20140225,-0.1,0.12,-0.61,0
20140226,0.12,0.68,-0.09,0
20140227,0.54,0.15,0.01,0
20140228,0.15,-0.71,0.83,0
20140303,-0.7,0.09,0.15,0
20140304,1.67,1.11,-0.12,0
20140305,0.01,-0.27,0.28,0
20140306,0.16,-0.32,0.76,0
20140307,0.04,-0.11,0.51,0
20140310,-0.09,-0.11,0.06,0
20140311,-0.62,-0.54,-0.19,0
20140312,0.13,0.3,-0.16,0
20140313,-1.21,-0.13,0.27,0
20140314,-0.16,0.68,-0.05,0
20140317,0.9,-0.36,-0.01,0
20140318,0.82,0.74,-0.42,0
20140319,-0.59,-0.17,0.6,0
20140320,0.52,-0.48,0.99,0
20140321,-0.37,-0.28,0.88,0
20140324,-0.64,-0.89,0.96,0
20140325,0.3,-0.34,0.14,0
20140326,-0.89,-1.19,0.3,0
20140327,-0.19,-0.13,-0.24,0
20140328,0.41,-0.43,0.52,0
20140331,0.97,0.99,-0.16,0
20140401,0.87,0.75,-0.41,0
20140402,0.29,0.04,0.12,0
20140403,-0.31,-0.89,0.78,0
20140404,-1.47,-1.15,0.74,0
20140407,-1.26,-0.3,-0.02,0
20140408,0.5,0.31,-0.22,0
20140409,1.2,0.34,-0.93,0
20140410,-2.24,-0.71,0.86,0
20140411,-1.07,-0.42,0.29,0
20140414,0.7,-0.5,0.21,0
20140415,0.59,-0.38,0.17,0
20140416,1.13,0.04,-0.44,0
20140417,0.23,0.33,0.25,0
20140421,0.36,0.2,-0.43,0
20140422,0.58,0.73,-0.37,0
20140423,-0.31,-0.64,0.89,0
20140424,0.08,-0.41,-0.17,0
20140425,-1.05,-0.96,0.61,0
20140428,0.11,-0.65,-0.54,0
20140429,0.56,-0.21,-0.22,0
20140430,0.35,0.25,-0.03,0
20140501,0.04,-0.15,-0.18,0
20140502,-0.07,0.23,0.33,0
20140505,0.13,-0.3,-0.52,0
20140506,-1.03,-0.54,0.17,0
20140507,0.45,-0.86,1.17,0
20140508,-0.26,-1,0.34,0
20140509,0.25,0.71,-0.39,0
20140512,1.2,1.42,-0.3,0
20140513,-0.05,-1.06,0.18,0
20140514,-0.6,-1.1,-0.43,0
20140515,-0.9,0.33,-0.27,0
20140516,0.36,0.26,-0.4,0
20140519,0.5,0.63,0,0
20140520,-0.78,-0.81,0.23,0
20140521,0.81,-0.26,0.05,0
20140522,0.36,0.63,-0.27,0
20140523,0.49,0.62,-0.24,0
20140527,0.69,0.7,-0.19,0
20140528,-0.11,-0.33,0.27,0
20140529,0.54,-0.2,-0.12,0
20140530,0.06,-0.68,0.28,0
20140602,0.06,-0.68,0.4,0
20140603,-0.05,-0.27,0.18,0
20140604,0.28,0.23,-0.09,0
20140605,0.77,1.29,-0.18,0
20140606,0.54,0.48,-0.01,0
20140609,0.22,1.01,-0.31,0
20140610,-0.03,-0.18,-0.04,0
20140611,-0.34,-0.12,-0.28,0
20140612,-0.68,0.1,0.17,0
20140613,0.31,-0.07,-0.19,0
20140616,0.13,0.46,-0.67,0
20140617,0.34,0.55,0.45,0
20140618,0.75,-0.28,-0.09,0
20140619,0.12,-0.16,-0.04,0
20140620,0.18,0.18,0.04,0
20140623,-0.01,-0.24,0.08,0
20140624,-0.72,-0.34,-0.21,0
20140625,0.53,0.36,0.07,0
20140626,-0.11,-0.08,0.05,0
20140627,0.26,0.48,-0.22,0
20140630,0.07,0.26,0.19,0
20140701,0.74,0.48,-0.37,0
20140702,-0.03,-0.45,-0.21,0
20140703,0.59,0.22,0.08,0
20140707,-0.62,-1.27,0.38,0
20140708,-0.82,-0.65,0.71,0
20140709,0.46,-0.38,-0.11,0
20140710,-0.49,-0.59,0.02,0
20140711,0.12,-0.21,-0.39,0
20140714,0.46,0,-0.13,0
20140715,-0.32,-0.93,0.98,0
20140716,0.32,-0.6,0.32,0
20140717,-1.21,-0.39,0.18,0
20140718,1.12,0.49,-0.47,0
20140721,-0.25,-0.24,0.05,0
20140722,0.53,0.24,-0.32,0
20140723,0.19,0.13,-0.75,0
20140724,0.05,-0.28,0.04,0
20140725,-0.53,-0.37,0.16,0
20140728,-0.08,-0.47,0.28,0
20140729,-0.33,0.7,-0.67,0
20140730,0.12,0.43,-0.29,0
20140731,-2.03,-0.2,0.46,0
20140801,-0.32,-0.18,-0.06,0
20140804,0.74,0.02,-0.22,0
20140805,-0.84,0.77,-0.19,0
20140806,0.02,0.37,0.18,0
20140807,-0.52,-0.04,-0.14,0
20140808,1.12,-0.2,-0.18,0
20140811,0.4,0.59,-0.29,0
20140812,-0.23,-0.6,0.25,0
20140813,0.69,-0.08,-0.24,0
20140814,0.44,-0.24,0.04,0
20140815,0,-0.14,-0.15,0
20140818,0.93,0.6,-0.19,0
20140819,0.49,-0.13,-0.1,0
20140820,0.19,-0.64,0.27,0
20140821,0.28,-0.14,0.82,0
20140822,-0.1,0.3,-0.39,0
20140825,0.5,-0.23,0.04,0
20140826,0.19,0.7,-0.33,0
20140827,0,-0.23,0.15,0
20140828,-0.19,-0.42,0.09,0
20140829,0.39,0.28,0.1,0
20140902,0.06,0.47,-0.09,0
20140903,-0.14,-0.54,0.23,0
20140904,-0.17,-0.14,-0.15,0
20140905,0.45,-0.26,-0.06,0
20140908,-0.22,0.52,-0.44,0
20140909,-0.72,-0.42,-0.02,0
20140910,0.45,0.2,-0.39,0
20140911,0.19,0.49,0.21,0
20140912,-0.55,-0.23,0.14,0
20140915,-0.28,-1.06,0.65,0
20140916,0.7,-0.39,-0.13,0
20140917,0.17,0.08,-0.2,0
20140918,0.5,0.01,0.03,0
20140919,-0.18,-0.97,0.05,0
20140922,-0.97,-0.57,0.13,0
20140923,-0.62,-0.31,-0.05,0
20140924,0.81,0.08,-0.92,0
20140925,-1.62,0.08,0.15,0
20140926,0.85,-0.04,-0.27,0
20140929,-0.22,0.17,-0.44,0
20140930,-0.4,-1.01,0.14,0
20141001,-1.39,-0.15,0.33,0
20141002,0.15,1.01,-0.38,0
20141003,1.08,-0.39,-0.41,0
20141006,-0.26,-0.78,0.39,0
20141007,-1.56,-0.12,0.12,0
20141008,1.7,0.02,-0.06,0
20141009,-2.17,-0.42,-0.4,0
20141010,-1.3,-0.17,0.55,0
20141013,-1.59,1.32,0.5,0
20141014,0.28,0.86,-0.12,0
20141015,-0.53,1.81,-1.31,0
20141016,0.23,1.08,0.17,0
20141017,1.14,-1.56,-0.1,0
20141020,0.94,0.2,-0.33,0
20141021,1.98,-0.41,0.02,0
20141022,-0.85,-0.57,0.21,0
20141023,1.29,0.52,-0.46,0
20141024,0.66,-0.46,-0.11,0
20141027,-0.17,0.1,-0.26,0
20141028,1.37,1.58,-0.01,0
20141029,-0.18,-0.02,0.44,0
20141030,0.6,0.27,-0.48,0
20141031,1.23,0.29,0.19,0
20141103,-0.01,-0.26,-0.06,0
20141104,-0.35,-0.04,-0.11,0
20141105,0.48,-0.53,0.86,0
20141106,0.49,0.09,-0.48,0
20141107,0.09,0.02,0.44,0
20141110,0.33,0.19,-0.5,0
20141111,0.1,0.02,-0.29,0
20141112,0.07,0.77,-0.28,0
20141113,-0.03,-0.91,-0.33,0
20141114,0.06,-0.14,0.14,0
20141117,-0.05,-0.98,0.27,0
20141118,0.51,0.05,-0.36,0
20141119,-0.21,-0.93,-0.06,0
20141120,0.31,0.88,-0.02,0
20141121,0.48,-0.39,-0.09,0
20141124,0.4,0.94,-0.57,0
20141125,-0.08,0.07,-0.04,0
20141126,0.3,0.09,-0.45,0
20141128,-0.35,-0.93,-1.02,0
20141201,-0.9,-0.97,0.61,0
20141202,0.65,0.42,0.05,0
20141203,0.46,0.45,0.31,0
20141204,-0.17,-0.31,0.09,0
20141205,0.25,0.57,0.25,0
20141208,-0.82,-0.59,0.26,0
20141209,0.13,1.71,-0.28,0
20141210,-1.72,-0.62,-0.1,0
20141211,0.49,-0.08,-0.2,0
20141212,-1.55,0.49,-0.58,0
20141215,-0.68,-0.26,0.11,0
20141216,-0.8,0.62,0.6,0
20141217,2.15,0.85,-0.1,0
20141218,2.36,-0.88,-0.21,0
20141219,0.43,-0.22,0.19,0
20141222,0.37,0.19,-0.04,0
20141223,0.21,-0.26,1.05,0
20141224,0.07,0.36,-0.17,0
20141226,0.39,0.37,-0.32,0
20141229,0.13,0.16,0.57,0
20141230,-0.48,0.06,0.35,0
20141231,-0.93,0.5,-0.39,0
20150102,-0.11,-0.59,0.09,0
20150105,-1.84,0.33,-0.63,0
20150106,-1.04,-0.78,-0.27,0
20150107,1.19,0.17,-0.65,0
20150108,1.81,-0.12,-0.27,0
20150109,-0.85,0.02,-0.5,0
20150112,-0.79,0.37,-0.37,0
20150113,-0.19,0.28,0.03,0
20150114,-0.6,0.29,-0.49,0
20150115,-1.08,-0.95,0.63,0
20150116,1.36,0.47,-0.14,0
20150120,0.11,-0.67,-0.55,0
20150121,0.42,-0.95,0.55,0
20150122,1.58,0.46,0.41,0
20150123,-0.47,0.52,-0.82,0
20150126,0.42,0.56,-0.05,0
20150127,-1.21,0.67,0.23,0
20150128,-1.39,-0.08,-0.77,0
20150129,0.98,0.24,0,0
20150130,-1.3,-0.77,0.03,0
20150202,1.25,-0.46,0.99,0
20150203,1.49,0.18,0.51,0
20150204,-0.35,-0.07,-0.2,0
20150205,1.1,0.48,-0.16,0
20150206,-0.2,0.07,0.38,0
20150209,-0.46,-0.39,0.09,0
20150210,1.04,-0.31,-0.69,0
20150211,0.03,-0.11,-0.33,0
20150212,1,0.18,-0.09,0
20150213,0.47,0.19,-0.29,0
20150217,0.17,-0.02,0,0
20150218,0.03,0.28,-0.81,0
20150219,-0.01,0.28,-0.35,0
20150220,0.61,-0.41,-0.26,0
20150223,-0.08,0.04,-0.37,0
20150224,0.32,-0.05,0.69,0
20150225,0.02,0.22,-0.51,0
20150226,-0.08,0.64,-0.47,0
20150227,-0.36,-0.21,0.22,0
20150302,0.62,0.24,-0.43,0
20150303,-0.43,-0.31,0.3,0
20150304,-0.41,0.09,-0.4,0
20150305,0.15,0.24,-0.43,0
20150306,-1.29,0.27,0.43,0
20150309,0.37,0.08,-0.02,0
20150310,-1.63,0.42,-0.47,0
20150311,-0.04,0.56,0.52,0
20150312,1.28,0.38,0.5,0
20150313,-0.57,0.21,-0.03,0
20150316,1.23,-0.77,-0.41,0
20150317,-0.2,0.54,-0.02,0
20150318,1.08,-0.51,0,0
20150319,-0.36,0.88,-1.1,0
20150320,0.81,-0.14,0.54,0
20150323,-0.19,0.21,0.24,0
20150324,-0.51,0.58,-0.29,0
20150325,-1.56,-0.98,1.03,0
20150326,-0.22,0.11,-0.06,0
20150327,0.32,0.5,-0.69,0
20150330,1.24,0.01,-0.04,0
20150331,-0.75,0.42,0.37,0
20150401,-0.38,0.34,0.42,0
20150402,0.35,-0.09,0.31,0
20150406,0.61,-0.27,-0.15,0
20150407,-0.22,-0.19,-0.16,0
20150408,0.37,0.53,-0.72,0
20150409,0.41,-0.69,-0.06,0
20150410,0.49,-0.07,-0.28,0
20150413,-0.38,0.5,0.23,0
20150414,0.11,-0.19,0.19,0
20150415,0.57,0.25,0.32,0
20150416,-0.08,-0.09,-0.21,0
20150417,-1.23,-0.46,0.22,0
20150420,0.95,0.16,-0.27,0
20150421,-0.1,0.19,-0.76,0
20150422,0.46,-0.37,0.17,0
20150423,0.29,0.28,-0.23,0
20150424,0.17,-0.51,-0.29,0
20150427,-0.54,-0.7,0.56,0
20150428,0.27,0.21,1.02,0
20150429,-0.38,-0.74,0.74,0
20150430,-1.11,-1.05,0.78,0
20150501,1.01,-0.3,-0.62,0
20150504,0.32,0.03,0.24,0
20150505,-1.19,-0.15,0.5,0
20150506,-0.31,0.64,-0.13,0
20150507,0.39,0.06,-0.39,0
20150508,1.21,-0.56,-0.12,0
20150511,-0.39,0.68,-0.03,0
20150512,-0.27,0,0.07,0
20150513,0.01,0,0.02,0
20150514,1.01,-0.1,-0.35,0
20150515,0.05,-0.24,-0.2,0
20150518,0.44,0.74,-0.09,0
20150519,-0.09,-0.12,0.23,0
20150520,-0.05,0.22,-0.14,0
20150521,0.23,-0.29,-0.02,0
20150522,-0.22,-0.11,-0.14,0
20150526,-1.01,-0.02,-0.01,0
20150527,0.93,0.33,-0.34,0
20150528,-0.12,0.1,0.13,0
20150529,-0.58,0.03,0.06,0
20150601,0.17,-0.04,-0.22,0
20150602,-0.02,0.33,0.33,0
20150603,0.39,0.87,-0.24,0
20150604,-0.88,-0.1,-0.01,0
20150605,0.06,0.8,0.05,0
20150608,-0.66,0.03,0.03,0
20150609,0.02,-0.3,0.35,0
20150610,1.2,0.15,0.19,0
20150611,0.21,-0.1,-0.11,0
20150612,-0.63,0.33,0.13,0
20150615,-0.45,0.11,-0.13,0
20150616,0.57,0.1,0,0
20150617,0.16,-0.29,-0.63,0
20150618,0.99,0.21,-0.43,0
20150619,-0.43,0.55,-0.2,0
20150622,0.63,0.08,-0.06,0
20150623,0.12,0.24,0.27,0
20150624,-0.79,-0.11,0.13,0
20150625,-0.25,0.37,-0.2,0
20150626,-0.06,-0.23,0.45,0
20150629,-2.15,-0.43,0.18,0
20150630,0.33,0.3,-0.67,0
20150701,0.6,-0.77,-0.06,0
20150702,-0.11,-0.56,-0.04,0
20150706,-0.37,0.15,-0.55,0
20150707,0.53,-0.44,-0.25,0
20150708,-1.68,-0.03,0.07,0
20150709,0.28,0.16,-0.03,0
20150710,1.24,0.23,-0.55,0
20150713,1.14,-0.07,-0.42,0
20150714,0.47,0.15,0.13,0
20150715,-0.19,-0.81,-0.08,0
20150716,0.78,-0.17,-0.62,0
20150717,0.05,-0.6,-0.65,0
20150720,-0.01,-0.72,-0.57,0
20150721,-0.47,0.03,0.3,0
20150722,-0.18,0.18,0.19,0
20150723,-0.6,-0.35,-0.34,0
20150724,-1.08,-0.61,-0.02,0
20150727,-0.74,-0.25,0.08,0
20150728,1.23,-0.34,-0.11,0
20150729,0.74,-0.36,0.52,0
20150730,0.12,0.17,-0.26,0
20150731,-0.15,0.82,-0.99,0
20150803,-0.35,-0.33,-0.17,0
20150804,-0.14,0.09,-0.19,0
20150805,0.36,0.01,-0.44,0
20150806,-0.88,-0.53,1.99,0
20150807,-0.36,-0.46,-0.35,0
20150810,1.32,0.16,0.69,0
20150811,-0.98,-0.09,0.43,0
20150812,0.07,-0.09,-0.27,0
20150813,-0.14,-0.43,0.01,0
20150814,0.43,0.13,0.44,0
20150817,0.6,0.44,-0.87,0
20150818,-0.35,-0.64,0.34,0
20150819,-0.85,-0.12,-0.22,0
20150820,-2.24,-0.28,0.6,0
20150821,-2.95,1.82,0.14,0
20150824,-3.9,0.34,-0.43,0
20150825,-1.17,0.69,-0.61,0
20150826,3.68,-1.35,-0.37,0
20150827,2.4,-0.67,0.62,0
20150828,0.23,0.98,0.08,0
20150831,-0.74,0.77,1.42,0
20150901,-2.91,0.32,-0.51,0
20150902,1.81,-0.16,-0.92,0
20150903,0.17,-0.32,0.72,0
20150904,-1.39,0.89,-0.57,0
20150908,2.52,-0.36,-0.55,0
20150909,-1.34,0.16,0.11,0
20150910,0.49,-0.13,-0.31,0
20150911,0.44,-0.2,-0.7,0
20150914,-0.41,0.03,0.01,0
20150915,1.22,-0.18,0.25,0
20150916,0.84,0.01,0.44,0
20150917,-0.17,0.89,-1.5,0
20150918,-1.62,0.46,-0.96,0
20150921,0.36,-0.94,1.21,0
20150922,-1.29,-0.27,0.14,0
20150923,-0.27,-0.17,-0.14,0
20150924,-0.36,0.25,0.56,0
20150925,-0.22,-1.65,1.88,0
20150928,-2.63,-0.27,1.17,0
20150929,-0.07,-0.72,0.71,0
20150930,1.88,-0.43,-0.48,0
20151001,0.13,-0.45,-0.05,0
20151002,1.48,0.34,-0.84,0
20151005,1.93,0.62,0.77,0
20151006,-0.43,-0.23,1.72,0
20151007,0.94,0.7,-0.24,0
20151008,0.84,0.24,0.76,0
20151009,0.12,0.21,-1.08,0
20151012,0.06,-0.4,-0.07,0
20151013,-0.74,-0.73,0.69,0
20151014,-0.6,-0.26,-0.02,0
20151015,1.56,0.66,-0.15,0
20151016,0.36,-0.49,-0.35,0
20151019,0,0.16,-0.71,0
20151020,-0.15,0.02,1.21,0
20151021,-0.74,-0.87,-0.18,0
20151022,1.5,-0.78,0.47,0
20151023,1.09,-0.01,-0.6,0
20151026,-0.2,-0.36,-0.72,0
20151027,-0.42,-0.87,-0.88,0
20151028,1.43,1.41,0.64,0
20151029,-0.2,-0.89,0.09,0
20151030,-0.41,0.23,-0.54,0
20151102,1.25,0.85,-0.02,0
20151103,0.32,0.44,0.21,0
20151104,-0.26,0.34,-0.33,0
20151105,-0.08,0.03,0.45,0
20151106,0.14,0.82,0.29,0
20151109,-0.95,-0.21,-0.05,0
20151110,0.13,-0.01,0.26,0
20151111,-0.43,-0.52,-0.18,0
20151112,-1.45,-0.51,-0.45,0
20151113,-1.06,0.3,0.38,0
20151116,1.39,-0.57,0.46,0
20151117,-0.11,-0.12,-0.66,0
20151118,1.61,0,-0.08,0
20151119,-0.13,-0.26,-0.11,0
20151120,0.35,0.43,-0.41,0
20151123,-0.01,0.66,-0.36,0
20151124,0.21,0.7,0.27,0
20151125,0.09,0.87,-0.55,0
20151127,0.09,0.22,-0.29,0
20151130,-0.47,0.14,0.69,0
20151201,0.97,-0.66,0.25,0
20151202,-1.01,0.25,-0.7,0
20151203,-1.5,-0.21,0.44,0
20151204,1.86,-1.04,-0.52,0
20151207,-0.84,-0.86,-0.66,0
20151208,-0.59,0.48,-1.23,0
20151209,-0.83,-0.33,0.41,0
20151210,0.3,0.11,-0.22,0
20151211,-2.03,-0.22,-0.06,0
20151214,0.29,-1.05,-0.19,0
20151215,1.1,0.03,0.76,0
20151216,1.47,0.01,-0.64,0
20151217,-1.46,0.38,-0.31,0
20151218,-1.7,0.76,-0.39,0
20151221,0.74,-0.17,-0.05,0
20151222,0.89,-0.04,0.51,0
20151223,1.3,0.13,0.59,0
20151224,-0.11,0.3,-0.03,0
20151228,-0.29,-0.48,-0.38,0
20151229,1.05,0.09,-0.31,0
20151230,-0.74,-0.17,-0.13,0
20151231,-0.92,-0.24,0.24,0
20160104,-1.59,-0.83,0.53,0
20160105,0.12,-0.22,0,0
20160106,-1.35,-0.13,-0.01,0
20160107,-2.44,-0.29,0.08,0
20160108,-1.11,-0.47,-0.03,0
20160111,-0.06,-0.65,0.34,0
20160112,0.71,-0.4,-0.77,0
20160113,-2.67,-0.7,0.78,0
20160114,1.65,-0.01,-0.41,0
20160115,-2.14,0.42,-0.21,0
20160119,-0.2,-1.34,-0.07,0
20160120,-0.94,1.86,-1.24,0
20160121,0.45,-0.49,0.01,0
20160122,2.08,0.22,-0.19,0
20160125,-1.71,-0.36,-0.98,0
20160126,1.52,0.38,1.22,0
20160127,-1.11,-0.54,1.72,0
20160128,0.49,-0.47,1.27,0
20160129,2.57,0.47,0.37,0
20160201,-0.04,-0.21,-0.95,0.001
20160202,-2,-0.03,-0.34,0.001
20160203,0.46,-0.32,0.44,0.001
20160204,0.27,0.21,0.33,0.001
20160205,-2.06,-1.11,1.75,0.001
20160208,-1.51,-0.03,0.89,0.001
20160209,-0.1,-0.47,-0.29,0.001
20160210,0.01,-0.05,-0.56,0.001
20160211,-1.17,0.5,-1.48,0.001
20160212,1.98,-0.54,1.15,0.001
20160216,1.78,0.55,-0.55,0.001
20160217,1.75,-0.05,-0.63,0.001
20160218,-0.51,0,0.21,0.001
20160219,0.06,0.43,-0.62,0.001
20160222,1.43,-0.26,0.24,0.001
20160223,-1.22,0.47,-0.52,0.001
20160224,0.53,0.68,-0.32,0.001
20160225,1.1,-0.43,0.23,0.001
20160226,-0.01,0.8,0.26,0.001
20160229,-0.69,0.66,0.26,0.001
20160301,2.34,-0.63,0.3,0.001
20160302,0.54,0.5,0.71,0.001
20160303,0.51,0.44,0.65,0.001
20160304,0.37,0.28,0.29,0.001
20160307,0.21,1.21,0.54,0.001
20160308,-1.27,-1.15,-0.49,0.001
20160309,0.5,0.04,0.38,0.001
20160310,-0.11,-0.81,0.63,0.001
20160311,1.69,0.27,0.19,0.001
20160314,-0.12,-0.07,-0.87,0.001
20160315,-0.36,-1.43,0.67,0.001
20160316,0.63,0.1,-0.04,0.001
20160317,0.72,0.84,0.58,0.001
20160318,0.54,0.34,-0.19,0.001
20160321,0.1,-0.2,-0.31,0.001
20160322,-0.05,-0.01,-0.44,0.001
20160323,-0.86,-1.17,-0.09,0.001
20160324,0,0.47,-0.06,0.001
20160328,0.04,-0.03,0.14,0.001
20160329,1.07,1.77,-1.18,0.001
20160330,0.41,-0.28,0.15,0.001
20160331,-0.11,0.44,-0.48,0.001
20160401,0.64,-0.25,-0.62,0
20160404,-0.41,-0.25,-0.74,0
20160405,-0.94,-0.08,-0.36,0
20160406,1.14,0.17,-0.82,0
20160407,-1.23,-0.05,-0.35,0
20160408,0.29,0.02,0.68,0
20160411,-0.28,-0.1,0.95,0
20160412,0.99,-0.07,0.85,0
20160413,1.23,0.84,0.36,0
20160414,0.03,-0.28,0.18,0
20160415,-0.04,0.33,-0.33,0
20160418,0.65,0.09,-0.19,0
20160419,0.29,-0.36,1.48,0
20160420,0.15,-0.1,0.54,0
20160421,-0.47,0.11,-0.59,0
20160422,0.12,0.82,0.49,0
20160425,-0.24,-0.58,-0.18,0
20160426,0.29,0.66,0.78,0
20160427,0.21,0.09,0.68,0
20160428,-0.96,-0.16,0.05,0
20160429,-0.5,-0.14,0.38,0
20160502,0.78,-0.01,-0.36,0.001
20160503,-1.05,-0.66,-0.5,0.001
20160504,-0.66,-0.15,0.06,0.001
20160505,-0.08,-0.5,0.09,0.001
20160506,0.38,0.05,0.24,0.001
20160509,0.05,0.36,-1.48,0.001
20160510,1.26,-0.4,0.47,0.001
20160511,-0.89,-0.36,0.78,0.001
20160512,-0.11,-0.6,0.14,0.001
20160513,-0.82,0.38,-0.66,0.001
20160516,0.99,0.28,-0.24,0.001
20160517,-0.95,-0.78,0.61,0.001
20160518,0.1,0.11,0.84,0.001
20160519,-0.33,-0.32,-0.29,0.001
20160520,0.75,0.9,-0.29,0.001
20160523,-0.18,0.26,-0.32,0.001
20160524,1.43,0.69,-0.34,0.001
20160525,0.72,-0.21,0.58,0.001
20160526,-0.04,-0.09,-0.51,0.001
20160527,0.49,0.33,-0.22,0.001
20160531,-0.01,0.51,-0.36,0.001
20160601,0.2,0.65,-0.25,0.001
20160602,0.35,0.32,-0.59,0.001
20160603,-0.38,-0.13,-0.09,0.001
20160606,0.6,0.68,0.32,0.001
20160607,0.12,0.19,0.11,0.001
20160608,0.37,0.45,-0.12,0.001
20160609,-0.27,-0.4,-0.22,0.001
20160610,-1.05,-0.35,-0.18,0.001
20160613,-0.83,-0.36,0.1,0.001
20160614,-0.19,0.27,-0.71,0.001
20160615,-0.11,0.25,-0.05,0.001
20160616,0.24,-0.34,-0.4,0.001
20160617,-0.3,-0.1,0.94,0.001
20160620,0.71,0.61,-0.01,0.001
20160621,0.21,-0.62,0.5,0.001
20160622,-0.2,-0.31,0.08,0.001
20160623,1.45,0.5,0.43,0.001
20160624,-3.7,0.14,-1.14,0.001
20160627,-2.07,-0.95,-0.67,0.001
20160628,1.76,-0.39,0.15,0.001
20160629,1.8,0.27,-0.06,0.001
20160630,1.42,0.35,0.45,0.001
20160701,0.24,0.53,-0.41,0.001
20160705,-0.85,-0.63,-1.37,0.001
20160706,0.62,0.17,-0.13,0.001
20160707,0.02,0.35,-0.2,0.001
20160708,1.6,0.89,0.35,0.001
20160711,0.43,0.61,0.26,0.001
20160712,0.75,0.62,1,0.001
20160713,-0.05,-0.53,0.51,0.001
20160714,0.51,-0.45,0.45,0.001
20160715,-0.05,0.3,0.01,0.001
20160718,0.25,-0.02,-0.12,0.001
20160719,-0.22,-0.62,0.04,0.001
20160720,0.48,0.45,-0.87,0.001
20160721,-0.38,-0.05,-0.02,0.001
20160722,0.48,0.23,-0.08,0.001
20160725,-0.27,-0.02,-0.24,0.001
20160726,0.13,0.58,0.54,0.001
20160727,-0.14,0.59,-0.44,0.001
20160728,0.18,-0.42,-0.35,0.001
20160729,0.17,-0.03,0.03,0.001
20160801,-0.16,0.18,-0.87,0.001
20160802,-0.7,-0.58,0.17,0.001
20160803,0.45,0.46,0.83,0.001
20160804,0.05,0.09,-0.33,0.001
20160805,0.93,0.43,0.87,0.001
20160808,-0.06,0.02,0.57,0.001
20160809,0.05,-0.01,-0.31,0.001
20160810,-0.29,-0.44,-0.13,0.001
20160811,0.54,0.14,0.04,0.001
20160812,-0.06,0.08,-0.18,0.001
20160815,0.39,0.73,0.4,0.001
20160816,-0.57,-0.27,0.6,0.001
20160817,0.12,-0.55,0.25,0.001
20160818,0.32,0.45,0.37,0.001
20160819,-0.11,0.12,-0.12,0.001
20160822,-0.02,0.26,-0.41,0.001
20160823,0.27,0.56,-0.01,0.001
20160824,-0.56,-0.47,0.4,0.001
20160825,-0.08,0.2,0.49,0.001
20160826,-0.15,0.15,-0.13,0.001
20160829,0.53,-0.07,0.35,0.001
20160830,-0.14,0.1,0.31,0.001
20160831,-0.24,-0.39,0.14,0.001
20160901,0.03,0.12,-0.49,0.001
20160902,0.53,0.39,0.36,0.001
20160906,0.26,0.06,-0.53,0.001
20160907,0.09,0.61,0.03,0.001
20160908,-0.18,-0.02,0.58,0.001
20160909,-2.47,-0.55,0.3,0.001
20160912,1.44,0,-0.47,0.001
20160913,-1.48,-0.25,-0.47,0.001
20160914,-0.08,0.12,-0.82,0.001
20160915,1.07,0.31,-0.32,0.001
20160916,-0.36,0.32,-0.46,0.001
20160919,0.05,0.39,0.16,0.001
20160920,-0.02,-0.21,-0.52,0.001
20160921,1.12,0.14,0.33,0.001
20160922,0.7,0.84,-0.06,0.001
20160923,-0.6,-0.1,-0.2,0.001
20160926,-0.88,-0.22,-0.35,0.001
20160927,0.64,-0.07,-0.52,0.001
20160928,0.56,0.21,1.1,0.001
20160929,-0.98,-0.41,0.55,0.001
20160930,0.88,0.37,0.35,0.001
20161003,-0.26,0.02,-0.21,0.001
20161004,-0.46,-0.01,0.17,0.001
20161005,0.58,0.29,0.79,0.001
20161006,-0.06,-0.27,0.37,0.001
20161007,-0.38,-0.51,0.16,0.001
20161010,0.52,0.57,0.01,0.001
20161011,-1.3,-0.59,0.49,0.001
20161012,0.06,-0.23,0.37,0.001
20161013,-0.42,-0.68,-0.63,0.001
20161014,0.01,-0.35,0.57,0.001
20161017,-0.29,-0.05,0.14,0.001
20161018,0.6,-0.16,0.03,0.001
20161019,0.25,0.04,0.91,0.001
20161020,-0.16,-0.02,-0.11,0.001