Date,SPY
2007-07-24,114.9024658203125
2007-07-25,115.13790893554688
2007-07-26,112.41156005859375
2007-07-27,110.20157623291016
2007-07-30,111.92546081542969
2007-07-31,110.66486358642578
2007-08-01,111.20403289794922
2007-08-02,112.09256744384766
2007-08-03,109.20675659179688
2007-08-06,111.0369644165039
2007-08-07,112.22167205810547
2007-08-08,113.78617095947266
2007-08-09,110.41426086425781
2007-08-10,109.8978271484375
2007-08-13,110.29269409179688
2007-08-14,108.60676574707031
2007-08-15,107.1106948852539
2007-08-16,107.91570281982422
2007-08-17,109.8978271484375
2007-08-20,109.84465026855469
2007-08-21,110.06489562988281
2007-08-22,111.37112426757812
2007-08-23,111.27242279052734
2007-08-24,112.64697265625
2007-08-27,111.59895324707031
2007-08-28,109.14595031738281
2007-08-29,111.2875747680664
2007-08-30,110.99141693115234
2007-08-31,112.08499908447266
2007-09-04,113.21651458740234
2007-09-05,112.23686218261719
2007-09-06,112.49510192871094
2007-09-07,110.93067169189453
2007-09-10,110.71803283691406
2007-09-11,112.0090103149414
2007-09-12,112.29765319824219
2007-09-13,113.08744812011719
2007-09-14,113.07984924316406
2007-09-17,112.47229766845703
2007-09-18,115.783447265625
2007-09-19,116.4669189453125
2007-09-20,115.64675903320312
2007-09-21,115.95884704589844
2007-09-24,115.74518585205078
2007-09-25,115.51628112792969
2007-09-26,116.12672424316406
2007-09-27,116.81343078613281
2007-09-28,116.42427062988281
2007-10-01,117.73666381835938
2007-10-02,117.57650756835938
2007-10-03,117.33991241455078
2007-10-04,117.52310943603516
2007-10-05,118.91943359375
2007-10-08,118.28607940673828
2007-10-09,119.4001235961914
2007-10-10,119.2017593383789
2007-10-11,118.62943267822266
2007-10-12,119.28569793701172
2007-10-15,118.2784423828125
2007-10-16,117.33991241455078
2007-10-17,117.69857025146484
2007-10-18,117.27130126953125
2007-10-19,114.20384216308594
2007-10-22,114.86770629882812
2007-10-23,115.7986068725586
2007-10-24,115.58490753173828
2007-10-25,115.8596420288086
2007-10-26,117.21782684326172
2007-10-29,117.60702514648438
2007-10-30,116.79053497314453
2007-10-31,118.00374603271484
2007-11-01,115.2415771484375
2007-11-02,115.37128448486328
2007-11-05,114.49385070800781
2007-11-06,116.0351333618164
2007-11-07,112.86088562011719
2007-11-08,112.28861236572266
2007-11-09,110.74730682373047
2007-11-12,109.64852905273438
2007-11-13,112.9906005859375
2007-11-14,112.67777252197266
2007-11-15,111.052490234375
2007-11-16,111.24327087402344
2007-11-19,109.69429016113281
2007-11-20,110.36577606201172
2007-11-21,108.10719299316406
2007-11-23,109.97662353515625
2007-11-26,107.55017852783203
2007-11-27,108.7862548828125
2007-11-28,112.26576232910156
2007-11-29,112.30388641357422
2007-11-30,113.43318176269531
2007-12-03,112.6853256225586
2007-12-04,111.67815399169922
2007-12-05,113.54761505126953
2007-12-06,115.17286682128906
2007-12-07,115.14999389648438
2007-12-10,116.042724609375
2007-12-11,112.86088562011719
2007-12-12,113.97496032714844
2007-12-13,113.73841094970703
2007-12-14,112.2962417602539
2007-12-17,110.69385528564453
2007-12-18,111.31194305419922
2007-12-19,111.31194305419922
2007-12-20,112.01396942138672
2007-12-21,113.628662109375
2007-12-24,114.47247314453125
2007-12-26,114.71793365478516
2007-12-27,113.27578735351562
2007-12-28,112.991943359375
2007-12-31,112.15584564208984
2008-01-02,111.1739730834961
2008-01-03,111.12026977539062
2008-01-04,108.39708709716797
2008-01-07,108.3050765991211
2008-01-08,106.55613708496094
2008-01-09,107.67604064941406
2008-01-10,108.38175201416016
2008-01-11,107.50728607177734
2008-01-14,108.37409210205078
2008-01-15,105.98845672607422
2008-01-16,105.07563018798828
2008-01-17,102.35242462158203
2008-01-18,101.30152893066406
2008-01-22,100.27366638183594
2008-01-23,102.68231964111328
2008-01-24,103.54913330078125
2008-01-25,102.05329132080078
2008-01-28,103.74092102050781
2008-01-29,104.25482177734375
2008-01-30,103.4877700805664
2008-01-31,105.3747787475586
2008-02-01,107.0700454711914
2008-02-04,105.71998596191406
2008-02-05,102.88943481445312
2008-02-06,102.06095123291016
2008-02-07,102.7359848022461
2008-02-08,102.0763168334961
2008-02-11,102.5979232788086
2008-02-12,103.54913330078125
2008-02-13,104.60769653320312
2008-02-14,103.68718719482422
2008-02-15,103.6641616821289
2008-02-19,103.9556655883789
2008-02-20,104.26249694824219
2008-02-21,103.39569091796875
2008-02-22,104.03239440917969
2008-02-25,105.3441162109375
2008-02-26,106.13422393798828
2008-02-27,106.02680206298828
2008-02-28,104.99126434326172
2008-02-29,102.6516342163086
2008-03-03,102.40616607666016
2008-03-04,102.01494598388672
2008-03-05,102.65927124023438
2008-03-06,100.53446960449219
2008-03-07,99.49887084960938
2008-03-10,98.1871566772461
2008-03-11,101.7157974243164
2008-03-12,100.76460266113281
2008-03-13,100.98706817626953
2008-03-14,99.42218017578125
2008-03-17,98.41730499267578
2008-03-18,102.505859375
2008-03-19,99.96683502197266
2008-03-20,101.81848907470703
2008-03-24,103.85360717773438
2008-03-25,103.95384216308594
2008-03-26,102.681884765625
2008-03-27,102.35810089111328
2008-03-28,101.37908172607422
2008-03-31,101.73368072509766
2008-04-01,105.31057739257812
2008-04-02,105.37998962402344
2008-04-03,105.64205932617188
2008-04-04,105.52642822265625
2008-04-07,105.58043670654297
2008-04-08,105.47249603271484
2008-04-09,104.70929718017578
2008-04-10,104.85578155517578
2008-04-11,102.82061767578125
2008-04-14,102.47370910644531
2008-04-15,102.71271514892578
2008-04-16,105.49559783935547
2008-04-17,105.64978790283203
2008-04-18,106.75213623046875
2008-04-21,106.80610656738281
2008-04-22,106.33586120605469
2008-04-23,106.1662826538086
2008-04-24,106.62882232666016
2008-04-25,107.61553192138672
2008-04-28,107.63867950439453
2008-04-29,107.21468353271484
2008-04-30,106.5825424194336
2008-05-01,108.78728485107422
2008-05-02,109.08789825439453
2008-05-05,108.56376647949219
2008-05-06,109.50423431396484
2008-05-07,107.55389404296875
2008-05-08,107.27633666992188
2008-05-09,107.07592010498047
2008-05-12,108.27847290039062
2008-05-13,108.29390716552734
2008-05-14,108.51742553710938
2008-05-15,109.87425231933594
2008-05-16,109.9744873046875
2008-05-19,110.27510070800781
2008-05-20,109.38089752197266
2008-05-21,107.53074645996094
2008-05-22,107.54615783691406
2008-05-23,106.1045913696289
2008-05-27,106.89091491699219
2008-05-28,107.38429260253906
2008-05-29,107.92388153076172
2008-05-30,108.19371032714844
2008-06-02,107.07592010498047
2008-06-03,106.45149993896484
2008-06-04,106.39755249023438
2008-06-05,108.52519226074219
2008-06-06,105.06392669677734
2008-06-09,105.31829071044922
2008-06-10,104.79409790039062
2008-06-11,103.2523422241211
2008-06-12,103.64547729492188
2008-06-13,104.95597076416016
2008-06-16,105.01768493652344
2008-06-17,104.50886535644531
2008-06-18,103.49134063720703
2008-06-19,103.62234497070312
2008-06-20,101.9404067993164
2008-06-23,101.83967590332031
2008-06-24,101.63822937011719
2008-06-25,102.11856079101562
2008-06-26,99.34501647949219
2008-06-27,98.80269622802734
2008-06-30,99.15132141113281
2008-07-01,99.46123504638672
2008-07-02,97.75679016113281
2008-07-03,97.8575210571289
2008-07-07,96.85811614990234
2008-07-08,98.57803344726562
2008-07-09,96.67989349365234
2008-07-10,97.07503509521484
2008-07-11,95.94390869140625
2008-07-14,95.07618713378906
2008-07-15,93.73588562011719
2008-07-16,96.03687286376953
2008-07-17,96.99755096435547
2008-07-18,97.60185241699219
2008-07-21,97.65606689453125
2008-07-22,98.76395416259766
2008-07-23,99.29853820800781
2008-07-24,97.23772430419922
2008-07-25,97.21446228027344
2008-07-28,95.7889404296875
2008-07-29,97.83427429199219
2008-07-30,99.57743072509766
2008-07-31,98.26038360595703
2008-08-01,97.74128723144531
2008-08-04,96.83485412597656
2008-08-05,99.44570922851562
2008-08-06,99.8873519897461
2008-08-07,98.39982604980469
2008-08-08,100.22824096679688
2008-08-11,101.26636505126953
2008-08-12,100.21272277832031
2008-08-13,99.60842895507812
2008-08-14,100.35993194580078
2008-08-15,100.84800720214844
2008-08-18,99.46898651123047
2008-08-19,98.38435363769531
2008-08-20,98.8414306640625
2008-08-21,99.0118637084961
2008-08-22,100.44512176513672
2008-08-25,98.4075927734375
2008-08-26,98.6942367553711
2008-08-27,99.65486907958984
2008-08-28,100.86351776123047
2008-08-29,99.77886962890625
2008-09-02,99.15906524658203
2008-09-03,99.07383728027344
2008-09-04,96.09111022949219
2008-09-05,96.39325714111328
2008-09-08,98.38435363769531
2008-09-09,95.46356201171875
2008-09-10,95.85094451904297
2008-09-11,97.23772430419922
2008-09-12,97.68705749511719
2008-09-15,93.03863525390625
2008-09-16,94.5958480834961
2008-09-17,90.342529296875
2008-09-18,93.02312469482422
2008-09-19,96.71744537353516
2008-09-22,94.52780151367188
2008-09-23,92.37715148925781
2008-09-24,92.6732406616211
2008-09-25,94.12261962890625
2008-09-26,94.16934967041016
2008-09-29,86.79010009765625
2008-09-30,90.38233184814453
2008-10-01,90.43685913085938
2008-10-02,87.15634155273438
2008-10-03,85.9797134399414
2008-10-06,81.60044860839844
2008-10-07,77.94589233398438
2008-10-08,75.98224639892578
2008-10-09,70.67569732666016
2008-10-10,68.96143341064453
2008-10-13,78.9744644165039
2008-10-14,77.80563354492188
2008-10-15,70.1458511352539
2008-10-16,73.06793212890625
2008-10-17,72.63157653808594
2008-10-20,76.99524688720703
2008-10-21,74.69651794433594
2008-10-22,70.6290054321289
2008-10-23,71.44715118408203
2008-10-24,67.82376098632812
2008-10-27,65.41597747802734
2008-10-28,73.0601577758789
2008-10-29,72.5302734375
2008-10-30,75.03939056396484
2008-10-31,75.45236206054688
2008-11-03,75.67053985595703
2008-11-04,78.24201202392578
2008-11-05,74.95368194580078
2008-11-06,70.80038452148438
2008-11-07,73.1380844116211
2008-11-10,72.17963409423828
2008-11-11,69.95103454589844
2008-11-12,66.87310791015625
2008-11-13,71.04193878173828
2008-11-14,67.49652099609375
2008-11-17,66.60037231445312
2008-11-18,67.85492706298828
2008-11-19,63.50685501098633
2008-11-20,58.79254150390625
2008-11-21,61.963985443115234
2008-11-24,66.25753021240234
2008-11-25,66.74844360351562
2008-11-26,69.32764434814453
2008-11-28,70.20040130615234
2008-12-01,63.98220443725586
2008-12-02,66.44451904296875
2008-12-03,68.04194641113281
2008-12-04,66.46791076660156
2008-12-05,68.51724243164062
2008-12-08,70.90948486328125
2008-12-09,69.74066162109375
2008-12-10,70.21595764160156
2008-12-11,68.52507781982422
2008-12-12,69.34323120117188
2008-12-15,68.37701416015625
2008-12-16,71.59520721435547
2008-12-17,70.90169525146484
2008-12-18,69.57703399658203
2008-12-19,69.27769470214844
2008-12-22,68.39005279541016
2008-12-23,67.68305969238281
2008-12-24,68.07582092285156
2008-12-26,68.4686050415039
2008-12-29,68.272216796875
2008-12-30,69.89044189453125
2008-12-31,70.88809967041016
2009-01-02,73.02479553222656
2009-01-05,72.9383773803711
2009-01-06,73.4254150390625
2009-01-07,71.22589111328125
2009-01-08,71.51655578613281
2009-01-09,69.98470306396484
2009-01-12,68.30361938476562
2009-01-13,68.42930603027344
2009-01-14,66.27693176269531
2009-01-15,66.30046844482422
2009-01-16,66.81895446777344
2009-01-20,63.29182815551758
2009-01-21,66.0255355834961
2009-01-22,65.00432586669922
2009-01-23,65.28711700439453
2009-01-26,65.7348861694336
2009-01-27,66.4026107788086
2009-01-28,68.6492691040039
2009-01-29,66.4183349609375
2009-01-30,65.06717681884766
2009-02-02,64.87078857421875
2009-02-03,65.78201293945312
2009-02-04,65.45993041992188
2009-02-05,66.43402862548828
2009-02-06,68.32719421386719
2009-02-09,68.42145538330078
2009-02-10,65.28711700439453
2009-02-11,65.67205047607422
2009-02-12,65.71917724609375
2009-02-13,65.01219177246094
2009-02-17,62.23134231567383
2009-02-18,62.082088470458984
2009-02-19,61.414371490478516
2009-02-20,60.81733703613281
2009-02-23,58.641380310058594
2009-02-24,60.864471435546875
2009-02-25,60.38528060913086
2009-02-26,59.40335464477539
2009-02-27,58.07575607299805
2009-03-02,55.459877014160156
2009-03-03,55.04353713989258
2009-03-04,56.347557067871094
2009-03-05,54.045894622802734
2009-03-06,54.14015579223633
2009-03-09,53.50386428833008
2009-03-10,56.69319534301758
2009-03-11,57.06241989135742
2009-03-12,59.30907440185547
2009-03-13,59.77256393432617
2009-03-16,59.59187316894531
2009-03-17,61.414371490478516
2009-03-18,62.789085388183594
2009-03-19,62.01136016845703
2009-03-20,60.69090270996094
2009-03-23,65.05028533935547
2009-03-24,63.76857376098633
2009-03-25,64.44107818603516
2009-03-26,65.75444793701172
2009-03-27,64.56767272949219
2009-03-30,62.3365478515625
2009-03-31,62.91408920288086
2009-04-01,64.13251495361328
2009-04-02,66.00760650634766
2009-04-03,66.66426086425781
2009-04-06,66.14210510253906
2009-04-07,64.59929656982422
2009-04-08,65.29554748535156
2009-04-09,67.89055633544922
2009-04-13,67.90641021728516
2009-04-14,66.7354507446289
2009-04-15,67.447509765625
2009-04-16,68.43648529052734
2009-04-17,68.8953857421875
2009-04-20,66.00760650634766
2009-04-21,67.2972183227539
2009-04-22,66.88580322265625
2009-04-23,67.54248046875
2009-04-24,68.56307220458984
2009-04-27,67.91431427001953
2009-04-28,67.70071411132812
2009-04-29,69.1406478881836
2009-04-30,69.16437530517578
2009-05-01,69.53620910644531
2009-05-04,71.90182495117188
2009-05-05,71.65657806396484
2009-05-06,72.8987045288086
2009-05-07,71.8860092163086
2009-05-08,73.56330871582031
2009-05-11,72.18665313720703
2009-05-12,71.97301483154297
2009-05-13,70.1612319946289
2009-05-14,70.76255798339844
2009-05-15,70.18501281738281
2009-05-18,72.17875671386719
2009-05-19,72.09173583984375
2009-05-20,71.609130859375
2009-05-21,70.58057403564453
2009-05-22,70.43024444580078
2009-05-26,72.23410034179688
2009-05-27,70.94451904296875
2009-05-28,71.93348693847656
2009-05-29,73.20729064941406
2009-06-01,74.9795150756836
2009-06-02,75.04277801513672
2009-06-03,74.0933837890625
2009-06-04,74.78961181640625
2009-06-05,74.80542755126953
2009-06-08,74.49689483642578
2009-06-09,74.87664031982422
2009-06-10,74.68675994873047
2009-06-11,75.01908874511719
2009-06-12,75.22476959228516
2009-06-15,73.50001525878906
2009-06-16,72.50312805175781
2009-06-17,72.43192291259766
2009-06-18,72.96199798583984
2009-06-19,73.2309341430664
2009-06-22,71.03495025634766
2009-06-23,71.09063720703125
2009-06-24,71.70333099365234
2009-06-25,73.26273345947266
2009-06-26,73.07181549072266
2009-06-29,73.75605010986328
2009-06-30,73.15931701660156
2009-07-01,73.46166229248047
2009-07-02,71.45667266845703
2009-07-06,71.44869995117188
2009-07-07,70.06425476074219
2009-07-08,70.01654052734375
2009-07-09,70.15179443359375
2009-07-10,69.98470306396484
2009-07-13,71.68736267089844
2009-07-14,72.09318542480469
2009-07-15,74.20162963867188
2009-07-16,74.082275390625
2009-07-17,74.8938217163086
2009-07-20,75.68946075439453
2009-07-21,76.03955078125
2009-07-22,76.02366638183594
2009-07-23,77.70246124267578
2009-07-24,78.02072143554688
2009-07-27,78.25144958496094
2009-07-28,77.88542175292969
2009-07-29,77.6944808959961
2009-07-30,78.50603485107422
2009-07-31,78.61742401123047
2009-08-03,79.91434478759766
2009-08-04,80.12117767333984
2009-08-05,79.89047241210938
2009-08-06,79.47674560546875
2009-08-07,80.51900482177734
2009-08-10,80.35193634033203
2009-08-11,79.34944152832031
2009-08-12,80.20079040527344
2009-08-13,80.81339263916016
2009-08-14,80.19279479980469
2009-08-17,78.2196044921875
2009-08-18,78.84021759033203
2009-08-19,79.53242492675781
2009-08-20,80.35193634033203
2009-08-21,81.92729949951172
2009-08-24,81.91934967041016
2009-08-25,82.0784683227539
2009-08-26,82.08646392822266
2009-08-27,82.26945495605469
2009-08-28,82.25350952148438
2009-08-31,81.52152252197266
2009-09-01,79.7233657836914
2009-09-02,79.42101287841797
2009-09-03,80.08141326904297
2009-09-04,81.20329284667969
2009-09-08,81.90340423583984
2009-09-09,82.53199005126953
2009-09-10,83.3753890991211
2009-09-11,83.35945129394531
2009-09-14,83.76524353027344
2009-09-15,84.1153335571289
2009-09-16,85.38835906982422
2009-09-17,85.26107025146484
2009-09-18,85.31538391113281
2009-09-21,85.09957122802734
2009-09-22,85.59519958496094
2009-09-23,84.88373565673828
2009-09-24,83.94839477539062
2009-09-25,83.5007095336914
2009-09-28,84.99566650390625
2009-09-29,84.73983001708984
2009-09-30,84.41206359863281
2009-10-01,82.3175277709961
2009-10-02,81.93383026123047
2009-10-05,83.15692901611328
2009-10-06,84.34809112548828
2009-10-07,84.57992553710938
2009-10-08,85.22749328613281
2009-10-09,85.74711608886719
2009-10-12,86.08287811279297
2009-10-13,85.90699768066406
2009-10-14,87.38592529296875
2009-10-15,87.7057113647461
2009-10-16,87.05018615722656
2009-10-19,87.7696762084961
2009-10-20,87.30601501464844
2009-10-21,86.5225601196289
2009-10-22,87.40192413330078
2009-10-23,86.40263366699219
2009-10-26,85.46731567382812
2009-10-27,85.07560729980469
2009-10-28,83.46873474121094
2009-10-29,85.25945281982422
2009-10-30,82.78919982910156
2009-11-02,83.39676666259766
2009-11-03,83.66059875488281
2009-11-04,83.8764419555664
2009-11-05,85.41934967041016
2009-11-06,85.64318084716797
2009-11-09,87.59379577636719
2009-11-10,87.60977935791016
2009-11-11,88.0574722290039
2009-11-12,87.16210174560547
2009-11-13,87.6337890625
2009-11-16,88.90485382080078
2009-11-17,89.0087890625
2009-11-18,88.95281982421875
2009-11-19,87.79366302490234
2009-11-20,87.48186492919922
2009-11-23,88.59306335449219
2009-11-24,88.72899627685547
2009-11-25,89.04078674316406
2009-11-27,87.59379577636719
2009-11-30,87.88957214355469
2009-12-01,88.97682189941406
2009-12-02,88.93682861328125
2009-12-03,88.24132537841797
2009-12-04,88.74497985839844
2009-12-07,88.60904693603516
2009-12-08,87.62577819824219
2009-12-09,87.95354461669922
2009-12-10,88.4491958618164
2009-12-11,88.82491302490234
2009-12-14,89.4324951171875
2009-12-15,89.01679229736328
2009-12-16,89.15272521972656
2009-12-17,88.08145141601562
2009-12-18,88.57975769042969
2009-12-21,89.47992706298828
2009-12-22,89.80145263671875
2009-12-23,89.97822570800781
2009-12-24,90.40426635742188
2009-12-28,90.59713745117188
2009-12-29,90.46852111816406
2009-12-30,90.43638610839844
2009-12-31,89.568359375
2010-01-04,91.08741760253906
2010-01-05,91.32855224609375
2010-01-06,91.39283752441406
2010-01-07,91.77867126464844
2010-01-08,92.08404541015625
2010-01-11,92.21267700195312
2010-01-12,91.3526611328125
2010-01-13,92.12422943115234
2010-01-14,92.37338256835938
2010-01-15,91.33659362792969
2010-01-19,92.47789001464844
2010-01-20,91.53752136230469
2010-01-21,89.77734375
2010-01-22,87.77604675292969
2010-01-25,88.22611236572266
2010-01-26,87.85638427734375
2010-01-27,88.27433776855469
2010-01-28,87.26165008544922
2010-01-29,86.313232421875
2010-02-01,87.65546417236328
2010-02-02,88.71639251708984
2010-02-03,88.27433776855469
2010-02-04,85.54967498779297
2010-02-05,85.72653198242188
2010-02-08,85.10763549804688
2010-02-09,86.17657470703125
2010-02-10,86.00782012939453
2010-02-11,86.90800476074219
2010-02-12,86.83563995361328
2010-02-16,88.20203399658203
2010-02-17,88.61995697021484
2010-02-18,89.14238739013672
2010-02-19,89.32723999023438
2010-02-22,89.34333038330078
2010-02-23,88.25826263427734
2010-02-24,89.07003784179688
2010-02-25,88.94950103759766
2010-02-26,89.0057373046875
2010-03-01,89.9300537109375
2010-03-02,90.17921447753906
2010-03-03,90.25956726074219
2010-03-04,90.53286743164062
2010-03-05,91.8268814086914
2010-03-08,91.84293365478516
2010-03-09,91.9956283569336
2010-03-10,92.40556335449219
2010-03-11,92.79136657714844
2010-03-12,92.79937744140625
2010-03-15,92.823486328125
2010-03-16,93.56295013427734
2010-03-17,94.11751556396484
2010-03-18,94.06930541992188
2010-03-19,93.59314727783203
2010-03-22,94.093505859375
2010-03-23,94.75527954101562
2010-03-24,94.29525756835938
2010-03-25,94.14192962646484
2010-03-26,94.08543395996094
2010-03-29,94.68264770507812
2010-03-30,94.74720764160156
2010-03-31,94.42440032958984
2010-04-01,95.07001495361328
2010-04-05,95.84480285644531
2010-04-06,96.07077026367188
2010-04-07,95.52195739746094
2010-04-08,95.85287475585938
2010-04-09,96.48236083984375
2010-04-12,96.63569641113281
2010-04-13,96.70833587646484
2010-04-14,97.80590057373047
2010-04-15,97.8865966796875
2010-04-16,96.32902526855469
2010-04-19,96.69218444824219
2010-04-20,97.55570220947266
2010-04-21,97.3781967163086
2010-04-22,97.6687240600586
2010-04-23,98.30626678466797
2010-04-26,97.93501281738281
2010-04-27,95.61882781982422
2010-04-28,96.34516143798828
2010-04-29,97.53958892822266
2010-04-30,95.88514709472656
2010-05-03,97.12799072265625
2010-05-04,94.84407043457031
2010-05-05,94.27910614013672
2010-05-06,91.14778900146484
2010-05-07,89.79193878173828
2010-05-10,93.74647521972656
2010-05-11,93.48014831542969
2010-05-12,94.78754425048828
2010-05-13,93.60929870605469
2010-05-14,91.91448211669922
2010-05-17,91.962890625
2010-05-18,90.71197509765625
2010-05-19,90.19546508789062
2010-05-20,86.78972625732422
2010-05-21,88.05679321289062
2010-05-24,86.92691040039062
2010-05-25,87.01570892333984
2010-05-26,86.4911117553711
2010-05-27,89.38842010498047
2010-05-28,88.26663208007812
2010-06-01,86.78164672851562
2010-06-02,89.04138946533203
2010-06-03,89.3480453491211
2010-06-04,86.2086410522461
2010-06-07,85.13529205322266
2010-06-08,86.04724884033203
2010-06-09,85.58724212646484
2010-06-10,88.08907318115234
2010-06-11,88.51683044433594
2010-06-14,88.37963104248047
2010-06-15,90.38914489746094
2010-06-16,90.35688781738281
2010-06-17,90.50213623046875
2010-06-18,90.60027313232422
2010-06-21,90.34078216552734
2010-06-22,88.84876251220703
2010-06-23,88.57305145263672
2010-06-24,87.10536193847656
2010-06-25,87.47025299072266
2010-06-28,87.19453430175781
2010-06-29,84.50239562988281
2010-06-30,83.69964599609375
2010-07-01,83.32661437988281
2010-07-02,82.87250518798828
2010-07-06,83.41582489013672
2010-07-07,86.0430908203125
2010-07-08,86.89452362060547
2010-07-09,87.54325103759766
2010-07-12,87.5999755859375
2010-07-13,88.92173767089844
2010-07-14,88.91362762451172
2010-07-15,88.9379653930664
2010-07-16,86.48910522460938
2010-07-19,86.99993133544922
2010-07-20,87.96490478515625
2010-07-21,86.82151794433594
2010-07-22,88.75955200195312
2010-07-23,89.52989959716797
2010-07-26,90.46241760253906
2010-07-27,90.45429992675781
2010-07-28,89.87046813964844
2010-07-29,89.43258666992188
2010-07-30,89.41637420654297
2010-08-02,91.43546295166016
2010-08-03,90.99759674072266
2010-08-04,91.60577392578125
2010-08-05,91.50846099853516
2010-08-06,91.13542175292969
2010-08-09,91.6219711303711
2010-08-10,91.1273422241211
2010-08-11,88.62982177734375
2010-08-12,88.08650970458984
2010-08-13,87.8270263671875
2010-08-16,87.78648376464844
2010-08-17,88.86495208740234
2010-08-18,89.02715301513672
2010-08-19,87.47833251953125
2010-08-20,87.19453430175781
2010-08-23,86.86207580566406
2010-08-24,85.57276153564453
2010-08-25,85.90523529052734
2010-08-26,85.32951354980469
2010-08-27,86.65126037597656
2010-08-30,85.3943862915039
2010-08-31,85.3943862915039
2010-09-01,87.94866943359375
2010-09-02,88.7676773071289
2010-09-03,89.91912841796875
2010-09-07,88.90552520751953
2010-09-08,89.52989959716797
2010-09-09,89.94345092773438
2010-09-10,90.39755249023438
2010-09-13,91.40303039550781
2010-09-14,91.3462905883789
2010-09-15,91.69497680664062
2010-09-16,91.67061614990234
2010-09-17,91.70484924316406
2010-09-20,93.10704803466797
2010-09-21,92.91958618164062
2010-09-22,92.46305847167969
2010-09-23,91.71304321289062
2010-09-24,93.6043472290039
2010-09-27,93.15596771240234
2010-09-28,93.48208618164062
2010-09-29,93.31903076171875
2010-09-30,93.04182434082031
2010-10-01,93.43314361572266
2010-10-04,92.73206329345703
2010-10-05,94.59893035888672
2010-10-06,94.59078216552734
2010-10-07,94.47665405273438
2010-10-08,95.00655364990234
2010-10-11,95.09622192382812
2010-10-12,95.38968658447266
2010-10-13,96.13154602050781
2010-10-14,95.75653839111328
2010-10-15,95.95218658447266
2010-10-18,96.4250259399414
2010-10-19,95.16144561767578
2010-10-20,96.09077453613281
2010-10-21,96.30274200439453
2010-10-22,96.48210906982422
2010-10-25,96.76744079589844
2010-10-26,96.78372192382812
2010-10-27,96.50652313232422
2010-10-28,96.52285766601562
2010-10-29,96.59622192382812
2010-11-01,96.62884521484375
2010-11-02,97.3951416015625
2010-11-03,97.78645324707031
2010-11-04,99.66964721679688
2010-11-05,100.04463958740234
2010-11-08,99.85714721679688
2010-11-09,99.13973999023438
2010-11-10,99.5392074584961
2010-11-11,99.16417694091797
2010-11-12,97.99026489257812
2010-11-15,97.85166931152344
2010-11-16,96.32721710205078
2010-11-17,96.3761215209961
2010-11-18,97.79460906982422
2010-11-19,98.06363677978516
2010-11-22,97.98211669921875
2010-11-23,96.56363677978516
2010-11-24,97.99026489257812
2010-11-26,96.84894561767578
2010-11-29,97.1424560546875
2010-11-30,96.59622192382812
2010-12-01,98.65062713623047
2010-12-02,99.91419982910156
2010-12-03,100.18325805664062
2010-12-06,100.07723999023438
2010-12-07,100.13432312011719
2010-12-08,100.50115966796875
2010-12-09,100.89247131347656
2010-12-10,101.47943878173828
2010-12-13,101.54466247558594
2010-12-14,101.63434600830078
2010-12-15,101.16966247558594
2010-12-16,101.75663757324219
2010-12-17,101.86559295654297
2010-12-20,102.1114273071289
2010-12-21,102.75887298583984
2010-12-22,103.07850646972656
2010-12-23,102.93098449707031
2010-12-27,102.97196960449219
2010-12-28,103.1194839477539
2010-12-29,103.19322204589844
2010-12-30,103.02932739257812
2010-12-31,103.05391693115234
2011-01-03,104.11929321289062
2011-01-04,104.06190490722656
2011-01-05,104.6028060913086
2011-01-06,104.39793395996094
2011-01-07,104.19303131103516
2011-01-10,104.06190490722656
2011-01-11,104.43067169189453
2011-01-12,105.3731460571289
2011-01-13,105.20100402832031
2011-01-14,105.96318054199219
2011-01-18,106.14347076416016
2011-01-19,105.10269165039062
2011-01-20,104.9633560180664
2011-01-21,105.20100402832031
2011-01-24,105.79928588867188
2011-01-25,105.85665893554688
2011-01-26,106.26639556884766
2011-01-27,106.5286636352539
2011-01-28,104.6683349609375
2011-01-31,105.455078125
2011-02-01,107.14324951171875
2011-02-02,106.93842315673828
2011-02-03,107.17607116699219
2011-02-04,107.47927856445312
2011-02-07,108.15127563476562
2011-02-08,108.64302062988281
2011-02-09,108.39714050292969
2011-02-10,108.4381332397461
2011-02-11,109.0855484008789
2011-02-14,109.3477783203125
2011-02-15,109.00357055664062
2011-02-16,109.69196319580078
2011-02-17,110.01979064941406
2011-02-18,110.24923706054688
2011-02-22,108.03655242919922
2011-02-23,107.37275695800781
2011-02-24,107.29899597167969
2011-02-25,108.44630432128906
2011-02-28,109.11831665039062
2011-03-01,107.29899597167969
2011-03-02,107.5284423828125
2011-03-03,109.38053894042969
2011-03-04,108.56101989746094
2011-03-07,107.70877838134766
2011-03-08,108.65119934082031
2011-03-09,108.49546813964844
2011-03-10,106.48765563964844
2011-03-11,107.22521209716797
2011-03-14,106.57784271240234
2011-03-15,105.35674285888672
2011-03-16,103.40628814697266
2011-03-17,104.77488708496094
2011-03-18,105.15595245361328
2011-03-21,106.78568267822266
2011-03-22,106.41526794433594
2011-03-23,106.71981048583984
2011-03-24,107.74042510986328
2011-03-25,108.06965637207031
2011-03-28,107.8062744140625
2011-03-29,108.53057861328125
2011-03-30,109.27957916259766
2011-03-31,109.13141632080078
2011-04-01,109.59234619140625
2011-04-04,109.68287658691406
2011-04-05,109.66642761230469
2011-04-06,110.0121078491211
2011-04-07,109.73226165771484
2011-04-08,109.3536376953125
2011-04-11,109.02442169189453
2011-04-12,108.20957946777344
2011-04-13,108.20133972167969
2011-04-14,108.2836685180664
2011-04-15,108.67872619628906
2011-04-18,107.46057891845703
2011-04-19,108.07791137695312
2011-04-20,109.55119323730469
2011-04-21,110.11089324951172
2011-04-25,109.99563598632812
2011-04-26,110.94217681884766
2011-04-27,111.66649627685547
2011-04-28,112.02861785888672
2011-04-29,112.29202270507812
2011-05-02,112.11918640136719
2011-05-03,111.71587371826172
2011-05-04,110.97508239746094
2011-05-05,109.97099304199219
2011-05-06,110.45658874511719
2011-05-09,110.88459014892578
2011-05-10,111.83110046386719
2011-05-11,110.65410614013672
2011-05-12,111.1808853149414
2011-05-13,110.32490539550781
2011-05-16,109.62527465820312
2011-05-17,109.60881042480469
2011-05-18,110.58824920654297
2011-05-19,110.85165405273438
2011-05-20,109.97099304199219
2011-05-23,108.69517517089844
2011-05-24,108.60464477539062
2011-05-25,108.966796875
2011-05-26,109.4688949584961
2011-05-27,109.88863372802734
2011-05-31,111.03271484375
2011-06-01,108.53881072998047
2011-06-02,108.423583984375
2011-06-03,107.34535217285156
2011-06-06,106.2094955444336
2011-06-07,106.1436996459961
2011-06-08,105.69921112060547
2011-06-09,106.50582122802734
2011-06-10,105.0242691040039
2011-06-13,105.1065673828125
2011-06-14,106.43997955322266
2011-06-15,104.54689025878906
2011-06-16,104.77737426757812
2011-06-17,105.09003448486328
2011-06-20,105.6277084350586
2011-06-21,107.07520294189453
2011-06-22,106.4300308227539
2011-06-23,106.12397003173828
2011-06-24,104.89151000976562
2011-06-27,105.82620239257812
2011-06-28,107.20755004882812
2011-06-29,108.12570190429688
2011-06-30,109.15962219238281
2011-07-01,110.77257537841797
2011-07-05,110.68163299560547
2011-07-06,110.8139419555664
2011-07-07,111.96369934082031
2011-07-08,111.16958618164062
2011-07-11,109.15962219238281
2011-07-12,108.68814849853516
2011-07-13,109.05208587646484
2011-07-14,108.29940032958984
2011-07-15,108.92804718017578
2011-07-18,108.03471374511719
2011-07-19,109.78826904296875
2011-07-20,109.72211456298828
2011-07-21,111.24407196044922
2011-07-22,111.3185043334961
2011-07-25,110.69815826416016
2011-07-26,110.28455352783203
2011-07-27,108.02642822265625
2011-07-28,107.71210479736328
2011-07-29,106.97594451904297
2011-08-01,106.52100372314453
2011-08-02,103.7996597290039
2011-08-03,104.36213684082031
2011-08-04,99.4736328125
2011-08-05,99.32476043701172
2011-08-08,92.85636901855469
2011-08-09,97.17415618896484
2011-08-10,92.88121032714844
2011-08-11,97.05005645751953
2011-08-12,97.70355224609375
2011-08-15,99.77139282226562
2011-08-16,98.91946411132812
2011-08-17,98.98563385009766
2011-08-18,94.717529296875
2011-08-19,93.17072296142578
2011-08-22,93.24519348144531
2011-08-23,96.31392669677734
2011-08-24,97.67044830322266
2011-08-25,96.1815414428711
2011-08-26,97.5794906616211
2011-08-29,100.38351440429688
2011-08-30,100.64820861816406
2011-08-31,101.09486389160156
2011-09-01,100.03614044189453
2011-09-02,97.48019409179688
2011-09-06,96.76883697509766
2011-09-07,99.49845886230469
2011-09-08,98.46454620361328
2011-09-09,95.88379669189453
2011-09-12,96.50415802001953
2011-09-13,97.38922119140625
2011-09-14,98.73746490478516
2011-09-15,100.44141387939453
2011-09-16,101.03587341308594
2011-09-19,100.02987670898438
2011-09-20,99.9134521484375
2011-09-21,96.97016906738281
2011-09-22,93.8356704711914
2011-09-23,94.40104675292969
2011-09-26,96.64590454101562
2011-09-27,97.7267837524414
2011-09-28,95.7313232421875
2011-09-29,96.48796081542969
2011-09-30,94.07679748535156
2011-10-03,91.3995590209961
2011-10-04,93.4033203125
2011-10-05,95.1327133178711
2011-10-06,96.8537826538086
2011-10-07,96.20526885986328
2011-10-10,99.42291259765625
2011-10-11,99.52267456054688
2011-10-12,100.39568328857422
2011-10-13,100.19615173339844
2011-10-14,101.90888977050781
2011-10-17,99.96334075927734
2011-10-18,101.91720581054688
2011-10-19,100.71163940429688
2011-10-20,101.15231323242188
2011-10-21,103.07291412353516
2011-10-24,104.336669921875
2011-10-25,102.30794525146484
2011-10-26,103.34728240966797
2011-10-27,106.94740295410156
2011-10-28,106.92243957519531
2011-10-31,104.34500885009766
2011-11-01,101.43498992919922
2011-11-02,103.08953094482422
2011-11-03,104.96855926513672
2011-11-04,104.32837677001953
2011-11-07,104.9769058227539
2011-11-08,106.32382202148438
2011-11-09,102.39945220947266
2011-11-10,103.36392211914062
2011-11-11,105.30946350097656
2011-11-14,104.31175231933594
2011-11-15,104.82722473144531
2011-11-16,103.16433715820312
2011-11-17,101.52645874023438
2011-11-18,101.41834259033203
2011-11-21,99.48942565917969
2011-11-22,99.09864044189453
2011-11-23,96.91199493408203
2011-11-25,96.72904205322266
2011-11-28,99.53102111816406
2011-11-29,99.81367492675781
2011-11-30,103.92095184326172
2011-12-01,103.90435791015625
2011-12-02,103.8128890991211
2011-12-05,104.9436264038086
2011-12-06,104.9769058227539
2011-12-07,105.36767578125
2011-12-08,103.0562973022461
2011-12-09,104.80227661132812
2011-12-12,103.2724609375
2011-12-13,102.30794525146484
2011-12-14,101.21879577636719
2011-12-15,101.58464050292969
2011-12-16,101.73522186279297
2011-12-19,100.64753723144531
2011-12-20,103.69313049316406
2011-12-21,103.89396667480469
2011-12-22,104.81431579589844
2011-12-23,105.7514419555664
2011-12-27,105.83509063720703
2011-12-28,104.44619750976562
2011-12-29,105.5255355834961
2011-12-30,105.00677490234375
2012-01-03,106.68018341064453
2012-01-04,106.84752655029297
2012-01-05,107.13200378417969
2012-01-06,106.85589599609375
2012-01-09,107.11528778076172
2012-01-10,108.04403686523438
2012-01-11,108.10259246826172
2012-01-12,108.36195373535156
2012-01-13,107.80136108398438
2012-01-17,108.21971130371094
2012-01-18,109.41621398925781
2012-01-19,109.99356079101562
2012-01-20,110.4035415649414
2012-01-23,110.1190414428711
2012-01-24,109.99356079101562
2012-01-25,110.91393280029297
2012-01-26,110.34497833251953
2012-01-27,110.29476928710938
2012-01-30,109.918212890625
2012-01-31,109.87641906738281
2012-02-01,110.83863067626953
2012-02-02,111.01431274414062
2012-02-03,112.57058715820312
2012-02-06,112.49530792236328
2012-02-07,112.77975463867188
2012-02-08,113.11445617675781
2012-02-09,113.25670623779297
2012-02-10,112.42001342773438
2012-02-13,113.25670623779297
2012-02-14,113.11445617675781
2012-02-15,112.58734130859375
2012-02-16,113.83399200439453
2012-02-17,114.13525390625
2012-02-21,114.18545532226562
2012-02-22,113.81729125976562
2012-02-23,114.31930541992188
2012-02-24,114.57030487060547
2012-02-27,114.76277923583984
2012-02-28,115.09747314453125
2012-02-29,114.64563751220703
2012-03-01,115.23971557617188
2012-03-02,114.8882827758789
2012-03-05,114.41974639892578
2012-03-06,112.74632263183594
2012-03-07,113.53285217285156
2012-03-08,114.6623764038086
2012-03-09,115.10580444335938
2012-03-12,115.11418914794922
2012-03-13,117.18922424316406
2012-03-14,117.06371307373047
2012-03-15,117.74146270751953
2012-03-16,117.90448760986328
2012-03-19,118.3666763305664
2012-03-20,118.02214050292969
2012-03-21,117.82889556884766
2012-03-22,116.98005676269531
2012-03-23,117.35822296142578
2012-03-26,119.00537872314453
2012-03-27,118.6356201171875
2012-03-28,118.04737091064453
2012-03-29,117.84562683105469
2012-03-30,118.33308410644531
2012-04-02,119.19866180419922
2012-04-03,118.71122741699219
2012-04-04,117.53473663330078
2012-04-05,117.47586822509766
2012-04-09,116.15652465820312
2012-04-10,114.20681762695312
2012-04-11,115.13125610351562
2012-04-12,116.63556671142578
2012-04-13,115.24889373779297
2012-04-16,115.17328643798828
2012-04-17,116.87925720214844
2012-04-18,116.48426818847656
2012-04-19,115.736328125
2012-04-20,115.92962646484375
2012-04-23,114.95478057861328
2012-04-24,115.39176940917969
2012-04-25,116.97166442871094
2012-04-26,117.78682708740234
2012-04-27,117.98011016845703
2012-04-30,117.54314422607422
2012-05-01,118.27426147460938
2012-05-02,117.92130279541016
2012-05-03,117.0221176147461
2012-05-04,115.13125610351562
2012-05-07,115.21527862548828
2012-05-08,114.7530746459961
2012-05-09,114.07239532470703
2012-05-10,114.3077163696289
2012-05-11,113.963134765625
2012-05-14,112.70259094238281
2012-05-15,112.05549621582031
2012-05-16,111.62689971923828
2012-05-17,109.9713363647461
2012-05-18,109.03012084960938
2012-05-21,110.90416717529297
2012-05-22,111.09744262695312
2012-05-23,111.15632629394531
2012-05-24,111.37480163574219
2012-05-25,111.01343536376953
2012-05-29,112.3580093383789
2012-05-30,110.72769165039062
2012-05-31,110.4839859008789
2012-06-01,107.70236206054688
2012-06-04,107.65193176269531
2012-06-05,108.46708679199219
2012-06-06,110.90416717529297
2012-06-07,110.97142791748047
2012-06-08,111.8537826538086
2012-06-11,110.43359375
2012-06-12,111.70254516601562
2012-06-13,110.98819732666016
2012-06-14,112.16474151611328
2012-06-15,113.3118896484375
2012-06-18,113.53147888183594
2012-06-19,114.629638671875
2012-06-20,114.44380187988281
2012-06-21,111.8758316040039
2012-06-22,112.7374496459961
2012-06-25,110.92974090576172
2012-06-26,111.48726654052734
2012-06-27,112.49250793457031
2012-06-28,112.17147827148438
2012-06-29,114.96754455566406
2012-07-02,115.31391906738281
2012-07-03,116.0741195678711
2012-07-05,115.55043029785156
2012-07-06,114.45228576660156
2012-07-09,114.30864715576172
2012-07-10,113.3118896484375
2012-07-11,113.32877349853516
2012-07-12,112.77969360351562
2012-07-13,114.6718521118164
2012-07-16,114.40155029296875
2012-07-17,115.18714141845703
2012-07-18,116.04036712646484
2012-07-19,116.3444595336914
2012-07-20,115.28011322021484
2012-07-23,114.11434173583984
2012-07-24,113.134521484375
2012-07-25,113.15982818603516
2012-07-26,115.02666473388672
2012-07-27,117.14695739746094
2012-07-30,117.14695739746094
2012-07-31,116.32754516601562
2012-08-01,116.22618103027344
2012-08-02,115.42366790771484
2012-08-03,117.71289825439453
2012-08-06,117.94096374511719
2012-08-07,118.53229522705078
2012-08-08,118.6759033203125
2012-08-09,118.77725219726562
2012-08-10,118.9715576171875
2012-08-13,118.91242218017578
2012-08-14,118.92930603027344
2012-08-15,119.06449127197266
2012-08-16,119.94300842285156
2012-08-17,120.103515625
2012-08-20,120.11195373535156
2012-08-21,119.74869537353516
2012-08-22,119.7994384765625
2012-08-23,118.81952667236328
2012-08-24,119.53752136230469
2012-08-27,119.56283569335938
2012-08-28,119.4446029663086
2012-08-29,119.53752136230469
2012-08-30,118.6759033203125
2012-08-31,119.2418212890625
2012-09-04,119.1320571899414
2012-09-05,119.03073120117188
2012-09-06,121.44660949707031
2012-09-07,121.91966247558594
2012-09-10,121.22698211669922
2012-09-11,121.56488800048828
2012-09-12,121.97035217285156
2012-09-13,123.82869720458984
2012-09-14,124.37786102294922
2012-09-17,123.95545196533203
2012-09-18,123.85408782958984
2012-09-19,123.92164611816406
2012-09-20,123.93014526367188
2012-09-21,123.87830352783203
2012-09-24,123.69149780273438
2012-09-25,122.3751449584961
2012-09-26,121.6872787475586
2012-09-27,122.83373260498047
2012-09-28,122.2647705078125
2012-10-01,122.58748626708984
2012-10-02,122.71485900878906
2012-10-03,123.2159194946289
2012-10-04,124.09910583496094
2012-10-05,124.10762786865234
2012-10-08,123.68302154541016
2012-10-09,122.46009826660156
2012-10-10,121.67877960205078
2012-10-11,121.74674987792969
2012-10-12,121.34761810302734
2012-10-15,122.35814666748047
2012-10-16,123.59803009033203
2012-10-17,124.15858459472656
2012-10-18,123.83588409423828
2012-10-19,121.77220153808594
2012-10-22,121.78919219970703
2012-10-23,120.09920501708984
2012-10-24,119.75948333740234
2012-10-25,120.10771179199219
2012-10-26,120.03974151611328
2012-10-31,120.03974151611328
2012-11-01,121.29664611816406
2012-11-02,120.21812438964844
2012-11-05,120.46437072753906
2012-11-06,121.40704345703125
2012-11-07,118.655517578125
2012-11-08,117.2287826538086
2012-11-09,117.3306884765625
2012-11-12,117.42411804199219
2012-11-13,117.0164566040039
2012-11-14,115.4368667602539
2012-11-15,115.24156188964844
2012-11-16,115.81055450439453
2012-11-19,118.15447235107422
2012-11-20,118.20539093017578
2012-11-21,118.42617797851562
2012-11-23,120.03974151611328
2012-11-26,119.78498077392578
2012-11-27,119.17355346679688
2012-11-28,120.13317108154297
2012-11-29,120.69364166259766
2012-11-30,120.71913146972656
2012-12-03,120.1246566772461
2012-12-04,119.95484924316406
2012-12-05,120.16715240478516
2012-12-06,120.57476043701172
2012-12-07,120.93995666503906
2012-12-10,120.99093627929688
2012-12-11,121.81466674804688
2012-12-12,121.87409973144531
2012-12-13,121.12676239013672
2012-12-14,120.67671203613281
2012-12-17,122.09493255615234
2012-12-18,123.45369720458984
2012-12-19,122.5364761352539
2012-12-20,123.24137115478516
2012-12-21,122.12268829345703
2012-12-24,121.74641418457031
2012-12-26,121.23328399658203
2012-12-27,121.0707778930664
2012-12-28,119.76216888427734
2012-12-31,121.79769897460938
2013-01-02,124.91940307617188
2013-01-03,124.63719177246094
2013-01-04,125.18450927734375
2013-01-07,124.84243774414062
2013-01-08,124.48326110839844
2013-01-09,124.7996597290039
2013-01-10,125.7917709350586
2013-01-11,125.78324127197266
2013-01-14,125.69768524169922
2013-01-15,125.78324127197266
2013-01-16,125.76612854003906
2013-01-17,126.57857513427734
2013-01-18,126.86085510253906
2013-01-22,127.54502868652344
2013-01-23,127.75029754638672
2013-01-24,127.78453826904297
2013-01-25,128.5029754638672
2013-01-28,128.3489990234375
2013-01-29,128.85357666015625
2013-01-30,128.3489990234375
2013-01-31,128.0325469970703
2013-02-01,129.3496856689453
2013-02-04,127.89567565917969
2013-02-05,129.18719482421875
2013-02-06,129.28126525878906
2013-02-07,129.11021423339844
2013-02-08,129.82859802246094
2013-02-11,129.8029327392578
2013-02-12,130.0167694091797
2013-02-13,130.1279296875
2013-02-14,130.24766540527344
2013-02-15,130.09375
2013-02-19,131.06875610351562
2013-02-20,129.4351806640625
2013-02-21,128.64834594726562
2013-02-22,129.90560913085938
2013-02-25,127.43389129638672
2013-02-26,128.3062286376953
2013-02-27,129.9226837158203
2013-02-28,129.6660614013672
2013-03-01,130.09375
2013-03-04,130.7864990234375
2013-03-05,131.9582061767578
2013-03-06,132.1378631591797
2013-03-07,132.37734985351562
2013-03-08,132.94175720214844
2013-03-11,133.44635009765625
2013-03-12,133.14700317382812
2013-03-13,133.33517456054688
2013-03-14,134.04502868652344
2013-03-15,133.86807250976562
2013-03-18,133.12924194335938
2013-03-19,132.81996154785156
2013-03-20,133.74781799316406
2013-03-21,132.60525512695312
2013-03-22,133.67047119140625
2013-03-25,133.11207580566406
2013-03-26,134.17735290527344
2013-03-27,134.17735290527344
2013-03-28,134.58970642089844
2013-04-01,134.0570831298828
2013-04-02,134.71859741210938
2013-04-03,133.3526153564453
2013-04-04,133.8938446044922
2013-04-05,133.29248046875
2013-04-08,134.1945343017578
2013-04-09,134.65841674804688
2013-04-10,136.30784606933594
2013-04-11,136.7545166015625
2013-04-12,136.41946411132812
2013-04-15,133.25811767578125
2013-04-16,135.22540283203125
2013-04-17,133.2495880126953
2013-04-18,132.41624450683594
2013-04-19,133.56736755371094
2013-04-22,134.16018676757812
2013-04-23,135.54322814941406
2013-04-24,135.62916564941406
2013-04-25,136.17897033691406
2013-04-26,135.9384002685547
2013-04-29,136.84901428222656
2013-04-30,137.17544555664062
2013-05-01,135.97279357910156
2013-05-02,137.23565673828125
2013-05-03,138.6272430419922
2013-05-06,138.97947692871094
2013-05-07,139.68394470214844
2013-05-08,140.31961059570312
2013-05-09,139.92449951171875
2013-05-10,140.3798065185547
2013-05-13,140.49142456054688
2013-05-14,141.94326782226562
2013-05-15,142.70782470703125
2013-05-16,142.03778076171875
2013-05-17,143.41226196289062
2013-05-20,143.4036865234375
2013-05-21,143.60987854003906
2013-05-22,142.54464721679688
2013-05-23,142.13226318359375
2013-05-24,142.0120391845703
2013-05-28,142.86248779296875
2013-05-29,141.9346923828125
2013-05-30,142.45872497558594
2013-05-31,140.4141387939453
2013-06-03,141.18731689453125
2013-06-04,140.5086212158203
2013-06-05,138.5413818359375
2013-06-06,139.79563903808594
2013-06-07,141.5738983154297
2013-06-10,141.5738983154297
2013-06-11,140.1134490966797
2013-06-12,138.9537353515625
2013-06-13,141.0670166015625
2013-06-14,140.18215942382812
2013-06-17,141.2646026611328
2013-06-18,142.38140869140625
2013-06-19,140.4141387939453
2013-06-20,136.93492126464844
2013-06-21,137.37451171875
2013-06-24,135.63865661621094
2013-06-25,136.9426727294922
2013-06-26,138.29861450195312
2013-06-27,139.1103515625
2013-06-28,138.54039001464844
2013-07-01,139.35223388671875
2013-07-02,139.22267150878906
2013-07-03,139.28305053710938
2013-07-05,140.78578186035156
2013-07-08,141.58892822265625
2013-07-09,142.60797119140625
2013-07-10,142.65980529785156
2013-07-11,144.60293579101562
2013-07-12,144.66336059570312
2013-07-15,145.2161407470703
2013-07-16,144.67201232910156
2013-07-17,145.04339599609375
2013-07-18,145.83787536621094
2013-07-19,146.09693908691406
2013-07-22,146.38197326660156
2013-07-23,146.07110595703125
2013-07-24,145.53564453125
2013-07-25,145.8896942138672
2013-07-26,146.04513549804688
2013-07-29,145.59608459472656
2013-07-30,145.59608459472656
2013-07-31,145.69976806640625
2013-08-01,147.38375854492188
2013-08-02,147.6342010498047
2013-08-05,147.41835021972656
2013-08-06,146.58059692382812
2013-08-07,146.10565185546875
2013-08-08,146.6410675048828
2013-08-09,146.21792602539062
2013-08-12,146.04513549804688
2013-08-13,146.4769744873047
2013-08-14,145.72560119628906
2013-08-15,143.68751525878906
2013-08-16,143.2125244140625
2013-08-19,142.29710388183594
2013-08-20,142.99664306640625
2013-08-21,142.11573791503906
2013-08-22,143.4111785888672
2013-08-23,143.89474487304688
2013-08-26,143.3593292236328
2013-08-27,141.0535430908203
2013-08-28,141.554443359375
2013-08-29,141.77894592285156
2013-08-30,141.32984924316406
2013-09-03,141.9689178466797
2013-09-04,143.1434326171875
2013-09-05,143.32479858398438
2013-09-06,143.39389038085938
2013-09-09,144.76705932617188
2013-09-10,145.83787536621094
2013-09-11,146.2956085205078
2013-09-12,145.90699768066406
2013-09-13,146.23513793945312
2013-09-16,147.08148193359375
2013-09-17,147.73782348632812
2013-09-18,149.44776916503906
2013-09-19,149.1973419189453
2013-09-20,148.15423583984375
2013-09-23,147.4686279296875
2013-09-24,147.12149047851562
2013-09-25,146.69625854492188
2013-09-26,147.2603759765625
2013-09-27,146.58346557617188
2013-09-30,145.80242919921875
2013-10-01,146.95663452148438
2013-10-02,146.8178253173828
2013-10-03,145.4639892578125
2013-10-04,146.56614685058594
2013-10-07,145.299072265625
2013-10-08,143.60687255859375
2013-10-09,143.7110137939453
2013-10-10,146.80908203125
2013-10-11,147.75497436523438
2013-10-14,148.34515380859375
2013-10-15,147.26904296875
2013-10-16,149.32583618164062
2013-10-17,150.3237762451172
2013-10-18,151.33914184570312
2013-10-21,151.34776306152344
2013-10-22,152.22433471679688
2013-10-23,151.49534606933594
2013-10-24,151.9986572265625
2013-10-25,152.69293212890625
2013-10-28,152.93592834472656
2013-10-29,153.7516632080078
2013-10-30,152.98797607421875
2013-10-31,152.55409240722656
2013-11-01,152.9185791015625
2013-11-04,153.4566192626953
2013-11-05,152.97064208984375
2013-11-06,153.7516632080078
2013-11-07,151.8077392578125
2013-11-08,153.8558349609375
2013-11-11,153.88185119628906
2013-11-12,153.56939697265625
2013-11-13,154.8017120361328
2013-11-14,155.57411193847656
2013-11-15,156.25099182128906
2013-11-18,155.70423889160156
2013-11-19,155.36578369140625
2013-11-20,154.8798370361328
2013-11-21,156.1294708251953
2013-11-22,156.91055297851562
2013-11-25,156.75433349609375
2013-11-26,156.79771423339844
2013-11-27,157.17955017089844
2013-11-29,157.07540893554688
2013-12-02,156.66754150390625
2013-12-03,155.9906768798828
2013-12-04,155.9732666015625
2013-12-05,155.28765869140625
2013-12-06,157.02334594726562
2013-12-09,157.4225311279297
2013-12-10,156.85845947265625
2013-12-11,155.0968017578125
2013-12-12,154.5847625732422
2013-12-13,154.56744384765625
2013-12-16,155.53065490722656
2013-12-17,155.0360107421875
2013-12-18,157.68287658691406
2013-12-19,157.50064086914062
2013-12-20,158.41683959960938
2013-12-23,159.26315307617188
2013-12-24,159.61219787597656
2013-12-26,160.42361450195312
2013-12-27,160.41488647460938
2013-12-30,160.38876342773438
2013-12-31,161.14784240722656
2014-01-02,159.6034698486328
2014-01-03,159.57730102539062
2014-01-06,159.1148223876953
2014-01-07,160.09210205078125
2014-01-08,160.12696838378906
2014-01-09,160.23165893554688
2014-01-10,160.66795349121094
2014-01-13,158.53025817871094
2014-01-14,160.2578582763672
2014-01-15,161.1216583251953
2014-01-16,160.91226196289062
2014-01-17,160.23165893554688
2014-01-21,160.70281982421875
2014-01-22,160.80755615234375
2014-01-23,159.49002075195312
2014-01-24,156.0871124267578
2014-01-27,155.31932067871094
2014-01-28,156.2441864013672
2014-01-29,154.7434844970703
2014-01-30,156.38380432128906
2014-01-31,155.4676513671875
2014-02-03,151.9687957763672
2014-02-04,153.0333251953125
2014-02-05,152.84132385253906
2014-02-06,154.85690307617188
2014-02-07,156.7764129638672
2014-02-10,157.06439208984375
2014-02-11,158.78329467773438
2014-02-12,158.86180114746094
2014-02-13,159.68199157714844
2014-02-14,160.56321716308594
2014-02-18,160.7551727294922
2014-02-19,159.6907196044922
2014-02-20,160.633056640625
2014-02-21,160.44979858398438
2014-02-24,161.33978271484375
2014-02-25,161.2786865234375
2014-02-26,161.28744506835938
2014-02-27,162.13380432128906
2014-02-28,162.5438690185547
2014-03-03,161.40086364746094
2014-03-04,163.66946411132812
2014-03-05,163.81777954101562
2014-03-06,164.19296264648438
2014-03-07,164.26275634765625
2014-03-10,164.175537109375
2014-03-11,163.3640594482422
2014-03-12,163.40771484375
2014-03-13,161.57537841796875
2014-03-14,161.1216583251953
2014-03-17,162.57879638671875
2014-03-18,163.73922729492188
2014-03-19,162.86672973632812
2014-03-20,163.81777954101562
2014-03-21,163.182373046875
2014-03-24,162.50758361816406
2014-03-25,163.27879333496094
2014-03-26,162.1044921875
2014-03-27,161.7626953125
2014-03-28,162.5601806640625
2014-03-31,163.89222717285156
2014-04-01,164.97900390625
2014-04-02,165.53111267089844
2014-04-03,165.3120574951172
2014-04-04,163.35763549804688
2014-04-07,161.5523223876953
2014-04-08,162.2183837890625
2014-04-09,163.9623565673828
2014-04-10,160.51820373535156
2014-04-11,159.07211303710938
2014-04-14,160.32537841796875
2014-04-15,161.4296417236328
2014-04-16,163.1210479736328
2014-04-17,163.34890747070312
2014-04-21,163.9185333251953
2014-04-22,164.6634521484375
2014-04-23,164.27784729003906
2014-04-24,164.6108856201172
2014-04-25,163.2613067626953
2014-04-28,163.7783660888672
2014-04-29,164.54078674316406
2014-04-30,165.0315704345703
2014-05-01,165.04905700683594
2014-05-02,164.81243896484375
2014-05-05,165.12794494628906
2014-05-06,163.69068908691406
2014-05-07,164.65472412109375
2014-05-08,164.47943115234375
2014-05-09,164.72483825683594
2014-05-12,166.32861328125
2014-05-13,166.4776153564453
2014-05-14,165.6888427734375
2014-05-15,164.2340545654297
2014-05-16,164.80368041992188
2014-05-19,165.4084014892578
2014-05-20,164.3655242919922
2014-05-21,165.7501983642578
2014-05-22,166.1533203125
2014-05-23,166.81936645507812
2014-05-27,167.8447723388672
2014-05-28,167.72207641601562
2014-05-29,168.58966064453125
2014-05-30,168.861328125
2014-06-02,169.0541229248047
2014-06-03,168.9665069580078
2014-06-04,169.3083038330078
2014-06-05,170.41253662109375
2014-06-06,171.2275390625
2014-06-09,171.4028778076172
2014-06-10,171.42042541503906
2014-06-11,170.82443237304688
2014-06-12,169.61505126953125
2014-06-13,170.1321258544922
2014-06-16,170.2722930908203
2014-06-17,170.74560546875
2014-06-18,171.9988250732422
2014-06-19,172.19163513183594
2014-06-20,172.54119873046875
2014-06-23,172.48837280273438
2014-06-24,171.44924926757812
2014-06-25,172.2241973876953
2014-06-26,172.10092163085938
2014-06-27,172.435546875
2014-06-30,172.3474578857422
2014-07-01,173.5010528564453
2014-07-02,173.67713928222656
2014-07-03,174.53131103515625
2014-07-07,173.92367553710938
2014-07-08,172.8053436279297
2014-07-09,173.5802764892578
2014-07-10,172.8934326171875
2014-07-11,173.1312255859375
2014-07-14,174.00296020507812
2014-07-15,173.67713928222656
2014-07-16,174.3199462890625
2014-07-17,172.338623046875
2014-07-18,174.09979248046875
2014-07-21,173.77403259277344
2014-07-22,174.53131103515625
2014-07-23,174.91873168945312
2014-07-24,174.92758178710938
2014-07-25,174.10865783691406
2014-07-28,174.17904663085938
2014-07-29,173.4305877685547
2014-07-30,173.4569854736328
2014-07-31,170.03152465820312
2014-08-01,169.51199340820312
2014-08-04,170.73597717285156
2014-08-05,169.08050537109375
2014-08-06,169.1333465576172
2014-08-07,168.217529296875
2014-08-08,170.16358947753906
2014-08-11,170.65673828125
2014-08-12,170.41900634765625
2014-08-13,171.57254028320312
2014-08-14,172.3826904296875
2014-08-15,172.3474578857422
2014-08-18,173.79164123535156
2014-08-19,174.6986083984375
2014-08-20,175.1653289794922
2014-08-21,175.6760711669922
2014-08-22,175.403076171875
2014-08-25,176.29244995117188
2014-08-26,176.40696716308594
2014-08-27,176.33653259277344
2014-08-28,176.23959350585938
2014-08-29,176.74159240722656
2014-09-02,176.6534881591797
2014-09-03,176.55662536621094
2014-09-04,176.30126953125
2014-09-05,177.09381103515625
2014-09-08,176.6359100341797
2014-09-09,175.51756286621094
2014-09-10,176.17799377441406
2014-09-11,176.3805389404297
2014-09-12,175.3502197265625
2014-09-15,175.2181396484375
2014-09-16,176.53900146484375
2014-09-17,176.77679443359375
2014-09-18,177.718994140625
2014-09-19,177.55886840820312
2014-09-22,176.18759155273438
2014-09-23,175.1790313720703
2014-09-24,176.55030822753906
2014-09-25,173.70159912109375
2014-09-26,175.0817413330078
2014-09-29,174.76324462890625
2014-09-30,174.30322265625
2014-10-01,171.9410400390625
2014-10-02,171.9676055908203
2014-10-03,173.8608856201172
2014-10-06,173.65731811523438
2014-10-07,170.97674560546875
2014-10-08,173.9669952392578
2014-10-09,170.5166778564453
2014-10-10,168.5703582763672
2014-10-13,165.80126953125
2014-10-14,166.0578155517578
2014-10-15,164.9342041015625
2014-10-16,164.79270935058594
2014-10-17,166.739013671875
2014-10-20,168.35800170898438
2014-10-21,171.69334411621094
2014-10-22,170.47247314453125
2014-10-23,172.4541778564453
2014-10-24,173.78123474121094
2014-10-27,173.54237365722656
2014-10-28,175.53294372558594
2014-10-29,175.26751708984375
2014-10-30,176.39111328125
2014-10-31,178.40821838378906
2014-11-03,178.50552368164062
2014-11-04,177.88626098632812
2014-11-05,179.00982666015625
2014-11-06,179.7263946533203
2014-11-07,179.8944549560547
2014-11-10,180.46067810058594
2014-11-11,180.63763427734375
2014-11-12,180.4430389404297
2014-11-13,180.64645385742188
2014-11-14,180.6907501220703
2014-11-17,180.80572509765625
2014-11-18,181.8496551513672
2014-11-19,181.55772399902344
2014-11-20,181.87620544433594
2014-11-21,182.84939575195312
2014-11-24,183.36251831054688
2014-11-25,183.22976684570312
2014-11-26,183.69866943359375
2014-11-28,183.3094482421875
2014-12-01,182.03543090820312
2014-12-02,183.21209716796875
2014-12-03,183.91986083984375
2014-12-04,183.7163848876953
2014-12-05,184.01718139648438
2014-12-08,182.78746032714844
2014-12-09,182.66358947753906
2014-12-10,179.7352752685547
2014-12-11,180.64645385742188
2014-12-12,177.7269744873047
2014-12-15,176.506103515625
2014-12-16,175.090576171875
2014-12-17,178.52320861816406
2014-12-18,182.9379119873047
2014-12-19,183.7162322998047
2014-12-22,184.56134033203125
2014-12-23,184.8104248046875
2014-12-24,184.8282012939453
2014-12-26,185.42422485351562
2014-12-29,185.67332458496094
2014-12-30,184.67698669433594
2014-12-31,182.84446716308594
2015-01-02,182.74656677246094
2015-01-05,179.44625854492188
2015-01-06,177.75607299804688
2015-01-07,179.9711151123047
2015-01-08,183.16470336914062
2015-01-09,181.6968994140625
2015-01-12,180.2735595703125
2015-01-13,179.76649475097656
2015-01-14,178.68121337890625
2015-01-15,177.04441833496094
2015-01-16,179.36618041992188
2015-01-20,179.7487335205078
2015-01-21,180.65609741210938
2015-01-22,183.34262084960938
2015-01-23,182.33737182617188
2015-01-26,182.76434326171875
2015-01-27,180.35360717773438
2015-01-28,178.04066467285156
2015-01-29,179.68641662597656
2015-01-30,177.42689514160156
2015-02-02,179.6241455078125
2015-02-03,182.2217559814453
2015-02-04,181.52786254882812
2015-02-05,183.3603973388672
2015-02-06,182.85333251953125
2015-02-09,182.034912109375
2015-02-10,183.9741668701172
2015-02-11,184.08096313476562
2015-02-12,185.85122680664062
2015-02-13,186.6162567138672
2015-02-17,186.90985107421875
2015-02-18,186.92759704589844
2015-02-19,186.794189453125
2015-02-20,187.91505432128906
2015-02-23,187.8883819580078
2015-02-24,188.42214965820312
2015-02-25,188.2620391845703
2015-02-26,188.0395965576172
2015-02-27,187.3991241455078
2015-03-02,188.58224487304688
2015-03-03,187.80831909179688
2015-03-04,187.01657104492188
2015-03-05,187.22117614746094
2015-03-06,184.58802795410156
2015-03-09,185.35305786132812
2015-03-10,182.34625244140625
2015-03-11,181.91925048828125
2015-03-12,184.23216247558594
2015-03-13,183.10243225097656
2015-03-16,185.54876708984375
2015-03-17,184.99722290039062
2015-03-18,187.22117614746094
2015-03-19,186.3672332763672
2015-03-20,188.01223754882812
2015-03-23,187.6458740234375
2015-03-24,186.59149169921875
2015-03-25,183.85720825195312
2015-03-26,183.4193572998047
2015-03-27,183.83932495117188
2015-03-30,186.08212280273438
2015-03-31,184.4558868408203
2015-04-01,183.80360412597656
2015-04-02,184.46481323242188
2015-04-06,185.7068328857422
2015-04-07,185.21542358398438
2015-04-08,185.8408966064453
2015-04-09,186.6629638671875
2015-04-10,187.68157958984375
2015-04-13,186.83270263671875
2015-04-14,187.19012451171875
2015-04-15,188.03009033203125
2015-04-16,187.97645568847656
2015-04-17,185.8140869140625
2015-04-20,187.51185607910156
2015-04-21,187.28843688964844
2015-04-22,188.2088165283203
2015-04-23,188.68240356445312
2015-04-24,189.12025451660156
2015-04-27,188.3339080810547
2015-04-28,188.93260192871094
2015-04-29,188.15521240234375
2015-04-30,186.26980590820312
2015-05-01,188.2892608642578
2015-05-04,188.8253936767578
2015-05-05,186.6629638671875
2015-05-06,185.89450073242188
2015-05-07,186.6361541748047
2015-05-08,189.09341430664062
2015-05-11,188.19093322753906
2015-05-12,187.62796020507812
2015-05-13,187.66372680664062
2015-05-14,189.62062072753906
2015-05-15,189.82614135742188
2015-05-18,190.41587829589844
2015-05-19,190.35333251953125
2015-05-20,190.2192840576172
2015-05-21,190.7732696533203
2015-05-22,190.31759643554688
2015-05-26,188.27134704589844
2015-05-27,190.05844116210938
2015-05-28,189.843994140625
2015-05-29,188.66452026367188
2015-06-01,189.0487518310547
2015-06-02,188.86106872558594
2015-06-03,189.36148071289062
2015-06-04,187.7620086669922
2015-06-05,187.44032287597656
2015-06-08,186.28768920898438
2015-06-09,186.26083374023438
2015-06-10,188.49472045898438
2015-06-11,189.1023406982422
2015-06-12,187.65478515625
2015-06-15,186.85060119628906
2015-06-16,187.8692626953125
2015-06-17,188.1730499267578
2015-06-18,190.12991333007812
2015-06-19,189.28591918945312
2015-06-22,190.25564575195312
2015-06-23,190.3903350830078
2015-06-24,189.00755310058594
2015-06-25,188.432861328125
2015-06-26,188.39697265625
2015-06-29,184.4462432861328
2015-06-30,184.8323211669922
2015-07-01,186.31385803222656
2015-07-02,186.14324951171875
2015-07-06,185.613525390625
2015-07-07,186.78077697753906
2015-07-08,183.64712524414062
2015-07-09,183.9793243408203
2015-07-10,186.29586791992188
2015-07-13,188.35206604003906
2015-07-14,189.16917419433594
2015-07-15,189.10633850097656
2015-07-16,190.62376403808594
2015-07-17,190.785400390625
2015-07-20,190.8842010498047
2015-07-21,190.12994384765625
2015-07-22,189.78871154785156
2015-07-23,188.72021484375
2015-07-24,186.76280212402344
2015-07-27,185.67633056640625
2015-07-28,187.95703125
2015-07-29,189.25
2015-07-30,189.29486083984375
2015-07-31,189.00755310058594
2015-08-03,188.37005615234375
2015-08-04,188.00193786621094
2015-08-05,188.62147521972656
2015-08-06,187.07708740234375
2015-08-07,186.71792602539062
2015-08-10,189.0704345703125
2015-08-11,187.3643798828125
2015-08-12,187.5889129638672
2015-08-13,187.3554229736328
2015-08-14,188.03782653808594
2015-08-17,189.08836364746094
2015-08-18,188.54061889648438
2015-08-19,187.05015563964844
2015-08-20,183.144287109375
2015-08-21,177.63121032714844
2015-08-24,170.15171813964844
2015-08-25,168.14938354492188
2015-08-26,174.60528564453125
2015-08-27,178.9241485595703
2015-08-28,178.93313598632812
2015-08-31,177.48756408691406
2015-09-01,172.18994140625
2015-09-02,175.45828247070312
2015-09-03,175.583984375
2015-09-04,172.9262237548828
2015-09-08,177.27203369140625
2015-09-09,174.90159606933594
2015-09-10,175.8533172607422
2015-09-11,176.65248107910156
2015-09-14,175.9970245361328
2015-09-15,178.1968536376953
2015-09-16,179.74122619628906
2015-09-17,179.33717346191406
2015-09-18,176.40655517578125
2015-09-21,177.31814575195312
2015-09-22,175.01661682128906
2015-09-23,174.73683166503906
2015-09-24,174.10499572753906
2015-09-25,174.0598907470703
2015-09-28,169.6914520263672
2015-09-29,169.790771484375
2015-09-30,172.95877075195312
2015-10-01,173.41006469726562
2015-10-02,176.00042724609375
2015-10-05,179.13230895996094
2015-10-06,178.51856994628906
2015-10-07,179.9807586669922
2015-10-08,181.6053466796875
2015-10-09,181.71365356445312
2015-10-12,181.88514709472656
2015-10-13,180.73887634277344
2015-10-14,179.8723907470703
2015-10-15,182.63429260253906
2015-10-16,183.4646453857422
2015-10-19,183.55487060546875
2015-10-20,183.32025146484375
2015-10-21,182.18299865722656
2015-10-22,185.26072692871094
2015-10-23,187.29151916503906
2015-10-26,186.83119201660156
2015-10-27,186.4701690673828
2015-10-28,188.5911865234375
2015-10-29,188.48289489746094
2015-10-30,187.67059326171875
2015-11-02,189.89089965820312
2015-11-03,190.44146728515625
2015-11-04,189.86380004882812
2015-11-05,189.6742706298828
2015-11-06,189.5749969482422
2015-11-09,187.80596923828125
2015-11-10,188.2391815185547
2015-11-11,187.49911499023438
2015-11-12,184.88165283203125
2015-11-13,182.80575561523438
2015-11-16,185.5856475830078
2015-11-17,185.45030212402344
2015-11-18,188.3926544189453
2015-11-19,188.23019409179688
2015-11-20,188.91612243652344
2015-11-23,188.699462890625
2015-11-24,188.95223999023438
2015-11-25,188.92518615722656
2015-11-27,189.1417999267578
2015-11-30,188.35655212402344
2015-12-01,190.1526336669922
2015-12-02,188.21212768554688
2015-12-03,185.57662963867188
2015-12-04,189.19593811035156
2015-12-07,188.04969787597656
2015-12-08,186.7860870361328
2015-12-09,185.3329315185547
2015-12-10,185.81129455566406
2015-12-11,182.21005249023438
2015-12-14,183.1306610107422
2015-12-15,185.05313110351562
2015-12-16,187.76084899902344
2015-12-17,184.89971923828125
2015-12-18,181.605712890625
2015-12-21,183.10379028320312
2015-12-22,184.76535034179688
2015-12-23,187.0533905029297
2015-12-24,186.74462890625
2015-12-28,186.31793212890625
2015-12-29,188.3062744140625
2015-12-30,186.9716033935547
2015-12-31,185.10125732421875
2016-01-04,182.5136260986328
2016-01-05,182.82232666015625
2016-01-06,180.51617431640625
2016-01-07,176.18533325195312
2016-01-08,174.2514190673828
2016-01-11,174.4239501953125
2016-01-12,175.83123779296875
2016-01-13,171.44589233398438
2016-01-14,174.26046752929688
2016-01-15,170.51979064941406
2016-01-19,170.74676513671875
2016-01-20,168.5586395263672
2016-01-21,169.50291442871094
2016-01-22,172.98028564453125
2016-01-25,170.36544799804688
2016-01-26,172.6897430419922
2016-01-27,170.81031799316406
2016-01-28,171.70010375976562
2016-01-29,175.88572692871094
2016-02-01,175.8221435546875
2016-02-02,172.6534423828125
2016-02-03,173.6884765625
2016-02-04,173.96087646484375
2016-02-05,170.6469268798828
2016-02-08,168.3498077392578
2016-02-09,168.35887145996094
2016-02-10,168.21363830566406
2016-02-11,166.02548217773438
2016-02-12,169.44842529296875
2016-02-16,172.3084259033203
2016-02-17,175.123046875
2016-02-18,174.40576171875
2016-02-19,174.32406616210938
2016-02-22,176.8480987548828
2016-02-23,174.6145782470703
2016-02-24,175.41355895996094
2016-02-25,177.53814697265625
2016-02-26,177.1295623779297
2016-02-29,175.74041748046875
2016-03-01,179.87158203125
2016-03-02,180.67959594726562
2016-03-03,181.38780212402344
2016-03-04,181.97796630859375
2016-03-07,182.1232452392578
2016-03-08,180.1348419189453
2016-03-09,181.02464294433594
2016-03-10,181.16990661621094
2016-03-11,184.0934600830078
2016-03-14,183.85739135742188
2016-03-15,183.55776977539062
2016-03-16,184.62005615234375
2016-03-17,185.79129028320312
2016-03-18,186.5214080810547
2016-03-21,186.7860870361328
2016-03-22,186.68563842773438
2016-03-23,185.4536590576172
2016-03-24,185.3715057373047
2016-03-28,185.4810028076172
2016-03-29,187.19674682617188
2016-03-30,188.0181121826172
2016-03-31,187.5618133544922
2016-04-01,188.8394317626953
2016-04-04,188.22796630859375
2016-04-05,186.34800720214844
2016-04-06,188.38314819335938
2016-04-07,186.12896728515625
2016-04-08,186.63088989257812
2016-04-11,186.19287109375
2016-04-12,187.9268341064453
2016-04-13,189.8250732421875
2016-04-14,189.83421325683594
2016-04-15,189.62428283691406
2016-04-18,190.95672607421875
2016-04-19,191.55905151367188
2016-04-20,191.74156188964844
2016-04-21,190.71034240722656
2016-04-22,190.71034240722656
2016-04-25,190.3817596435547
2016-04-26,190.66470336914062
2016-04-27,191.05712890625
2016-04-28,189.3231201171875
2016-04-29,188.30099487304688
2016-05-02,189.79769897460938
2016-05-03,188.14585876464844
2016-05-04,187.0963134765625
2016-05-05,187.05987548828125
2016-05-06,187.7443084716797
2016-05-09,187.89944458007812
2016-05-10,190.23577880859375
2016-05-11,188.45616149902344
2016-05-12,188.5109100341797
2016-05-13,186.8681640625
2016-05-16,188.71170043945312
2016-05-17,186.9503631591797
2016-05-18,187.00506591796875
2016-05-19,186.35708618164062
2016-05-20,187.53440856933594
2016-05-23,187.27886962890625
2016-05-24,189.7064208984375
2016-05-25,190.9932098388672
2016-05-26,191.04798889160156
2016-05-27,191.86936950683594
2016-05-31,191.5043182373047
2016-06-01,191.89675903320312
2016-06-02,192.48080444335938
2016-06-03,191.90586853027344
2016-06-06,192.88238525390625
2016-06-07,193.18350219726562
2016-06-08,193.81324768066406
2016-06-09,193.54856872558594
2016-06-10,191.7142333984375
2016-06-13,190.23577880859375
2016-06-14,189.86160278320312
2016-06-15,189.596923828125
2016-06-16,190.1627197265625
2016-06-17,189.45455932617188
2016-06-20,190.67466735839844
2016-06-21,191.21591186523438
2016-06-22,190.9040069580078
2016-06-23,193.39004516601562
2016-06-24,186.4456024169922
2016-06-27,183.10635375976562
2016-06-28,186.40892028808594
2016-06-29,189.58299255371094
2016-06-30,192.169921875
2016-07-01,192.5736083984375
2016-07-05,191.18833923339844
2016-07-06,192.33509826660156
2016-07-07,192.21580505371094
2016-07-08,195.0780029296875
2016-07-11,195.7660369873047
2016-07-12,197.1879119873047
2016-07-13,197.16041564941406
2016-07-14,198.26124572753906
2016-07-15,197.9952392578125
2016-07-18,198.52728271484375
2016-07-19,198.3254852294922
2016-07-20,199.15110778808594
2016-07-21,198.39889526367188
2016-07-22,199.28871154785156
2016-07-25,198.74746704101562
2016-07-26,198.83921813964844
2016-07-27,198.6282196044922
2016-07-28,198.85752868652344
2016-07-29,199.17861938476562
2016-08-01,199.01348876953125
2016-08-02,197.73837280273438
2016-08-03,198.3162841796875
2016-08-04,198.52728271484375
2016-08-05,200.15103149414062
2016-08-08,200.0317840576172
2016-08-09,200.15103149414062
2016-08-10,199.65565490722656
2016-08-11,200.58221435546875
2016-08-12,200.4078826904297
2016-08-15,200.98587036132812
2016-08-16,199.94924926757812
2016-08-17,200.32533264160156
2016-08-18,200.77484130859375
2016-08-19,200.4813232421875
2016-08-22,200.47210693359375
2016-08-23,200.87574768066406
2016-08-24,199.84832763671875
2016-08-25,199.71070861816406
2016-08-26,199.3345947265625
2016-08-29,200.316162109375
2016-08-30,199.9859161376953
2016-08-31,199.4171600341797
2016-09-01,199.4263153076172
2016-09-02,200.32533264160156
2016-09-06,200.93080139160156
2016-09-07,200.91246032714844
2016-09-08,200.45376586914062
2016-09-09,195.65594482421875
2016-09-12,198.46304321289062
2016-09-13,195.61004638671875
2016-09-14,195.53668212890625
2016-09-15,197.4906463623047
2016-09-16,196.7272491455078
2016-09-19,196.76412963867188
2016-09-20,196.77337646484375
2016-09-21,198.9861602783203
2016-09-22,200.24008178710938
2016-09-23,199.14291381835938
2016-09-26,197.52940368652344
2016-09-27,198.7556610107422
2016-09-28,199.7421875
2016-09-29,197.93505859375
2016-09-30,199.4287109375
2016-10-03,198.9492645263672
2016-10-04,197.93505859375
2016-10-05,198.81097412109375
2016-10-06,198.9492645263672
2016-10-07,198.2670135498047
2016-10-10,199.29965209960938
2016-10-11,196.7825927734375
2016-10-12,197.04075622558594
2016-10-13,196.39535522460938
2016-10-14,196.4967803955078
2016-10-17,195.81448364257812
2016-10-18,197.04075622558594
2016-10-19,197.5662841796875
2016-10-20,197.19749450683594
2016-10-21,197.2896728515625
2016-10-24,198.1287078857422
2016-10-25,197.46481323242188
2016-10-26,197.0684051513672
2016-10-27,196.54286193847656
2016-10-28,195.96200561523438
2016-10-31,195.97122192382812
2016-11-01,194.5513458251953
2016-11-02,193.38040161132812
2016-11-03,192.49526977539062
2016-11-04,192.28318786621094
2016-11-07,196.52439880371094
2016-11-08,197.40953063964844
2016-11-09,199.5024871826172
2016-11-10,200.0003662109375
2016-11-11,199.5393524169922
2016-11-14,199.6961212158203
2016-11-15,201.2542724609375
2016-11-16,200.87625122070312
2016-11-17,201.90892028808594
2016-11-18,201.45712280273438
2016-11-21,202.97840881347656
2016-11-22,203.3749237060547
2016-11-23,203.4855194091797
2016-11-25,204.24154663085938
2016-11-28,203.28269958496094
2016-11-29,203.67918395996094
2016-11-30,203.1905059814453
2016-12-01,202.4436798095703
2016-12-02,202.54505920410156
2016-12-05,203.76211547851562
2016-12-06,204.40753173828125
2016-12-07,207.08131408691406
2016-12-08,207.5884246826172
2016-12-09,208.84231567382812
2016-12-12,208.6026153564453
2016-12-13,209.9948272705078
2016-12-14,208.26150512695312
2016-12-15,209.11892700195312
2016-12-16,208.70994567871094
2016-12-19,209.1643829345703
2016-12-20,209.9712677001953
2016-12-21,209.3870086669922
2016-12-22,209.02523803710938
2016-12-23,209.33135986328125
2016-12-27,209.85069274902344
2016-12-28,208.1163787841797
2016-12-29,208.07000732421875
2016-12-30,207.3095245361328
2017-01-03,208.89544677734375
2017-01-04,210.13824462890625
2017-01-05,209.9712677001953
2017-01-06,210.72247314453125
2017-01-09,210.02691650390625
2017-01-10,210.02691650390625
2017-01-11,210.6204833984375
2017-01-12,210.091796875
2017-01-13,210.57412719726562
2017-01-17,209.83213806152344
2017-01-18,210.2958526611328
2017-01-19,209.516845703125
2017-01-20,210.28660583496094
2017-01-23,209.73939514160156
2017-01-24,211.08419799804688
2017-01-25,212.9112091064453
2017-01-26,212.6886749267578
2017-01-27,212.35475158691406
2017-01-30,211.03781127929688
2017-01-31,211.01925659179688
2017-02-01,211.1027374267578
2017-02-02,211.24185180664062
2017-02-03,212.6979217529297
2017-02-06,212.31764221191406
2017-02-07,212.32693481445312
2017-02-08,212.60519409179688
2017-02-09,213.8665008544922
2017-02-10,214.71043395996094
2017-02-13,215.87904357910156
2017-02-14,216.74154663085938
2017-02-15,217.87298583984375
2017-02-16,217.68751525878906
2017-02-17,218.0306854248047
2017-02-21,219.32908630371094
2017-02-22,219.13430786132812
2017-02-23,219.2826690673828
2017-02-24,219.56092834472656
2017-02-27,219.9040985107422
2017-02-28,219.310546875
2017-03-01,222.38035583496094
2017-03-02,220.97991943359375
2017-03-03,221.11903381347656
2017-03-06,220.4605712890625
2017-03-07,219.80209350585938
2017-03-08,219.3939971923828
2017-03-09,219.67221069335938
2017-03-10,220.4420166015625
2017-03-13,220.5532989501953
2017-03-14,219.70933532714844
2017-03-15,221.610595703125
2017-03-16,221.17466735839844
2017-03-17,220.78623962402344
2017-03-20,220.54408264160156
2017-03-21,217.71238708496094
2017-03-22,218.22471618652344
2017-03-23,217.99183654785156
2017-03-24,217.83348083496094
2017-03-27,217.6099395751953
2017-03-28,219.19346618652344
2017-03-29,219.39837646484375
2017-03-30,220.0969696044922
2017-03-31,219.5846710205078
2017-04-03,219.20277404785156
2017-04-04,219.3424835205078
2017-04-05,218.69046020507812
2017-04-06,219.3052215576172
2017-04-07,219.08168029785156
2017-04-10,219.21205139160156
2017-04-11,218.95126342773438
2017-04-12,217.99183654785156
2017-04-13,216.57598876953125
2017-04-17,218.49484252929688
2017-04-18,217.84278869628906
2017-04-19,217.4422607421875
2017-04-20,219.21205139160156
2017-04-21,218.51345825195312
2017-04-24,220.9166717529297
2017-04-25,222.2020721435547
2017-04-26,222.0623779296875
2017-04-27,222.24864196777344
2017-04-28,221.7642822265625
2017-05-01,222.3231658935547
2017-05-02,222.40701293945312
2017-05-03,222.1368865966797
2017-05-04,222.39768981933594
2017-05-05,223.27328491210938
2017-05-08,223.2360076904297
2017-05-09,223.03109741210938
2017-05-10,223.43162536621094
2017-05-11,222.97518920898438
2017-05-12,222.60263061523438
2017-05-15,223.83216857910156
2017-05-16,223.62722778320312
2017-05-17,219.65919494628906
2017-05-18,220.54408264160156
2017-05-19,221.97853088378906
2017-05-22,223.1055908203125
2017-05-23,223.59930419921875
2017-05-24,224.1208953857422
2017-05-25,225.19207763671875
2017-05-26,225.14553833007812
2017-05-30,224.94992065429688
2017-05-31,224.89404296875
2017-06-01,226.68243408203125
2017-06-02,227.4369659423828
2017-06-05,227.26930236816406
2017-06-06,226.54273986816406
2017-06-07,226.9619140625
2017-06-08,227.07366943359375
2017-06-09,226.72906494140625
2017-06-12,226.68243408203125
2017-06-13,227.79092407226562
2017-06-14,227.50216674804688
2017-06-15,227.06436157226562
2017-06-16,227.11398315429688
2017-06-19,229.0047149658203
2017-06-20,227.46026611328125
2017-06-21,227.40411376953125
2017-06-22,227.3011474609375
2017-06-23,227.57264709472656
2017-06-26,227.72238159179688
2017-06-27,225.8878173828125
2017-06-28,227.90957641601562
2017-06-29,225.90650939941406
2017-06-30,226.3277130126953
2017-07-03,226.7115020751953
2017-07-05,227.23565673828125
2017-07-06,225.15771484375
2017-07-07,226.61788940429688
2017-07-10,226.86123657226562
2017-07-11,226.69276428222656
2017-07-12,228.39633178710938
2017-07-13,228.78005981445312
2017-07-14,229.84713745117188
2017-07-17,229.8190155029297
2017-07-18,229.94073486328125
2017-07-19,231.1856231689453
2017-07-20,231.28858947753906
2017-07-21,231.08267211914062
2017-07-24,231.0264892578125
2017-07-25,231.5880889892578
2017-07-26,231.59747314453125
2017-07-27,231.3821563720703
2017-07-28,231.1107635498047
2017-07-31,230.97970581054688
2017-08-01,231.4945068359375
2017-08-02,231.6068572998047
2017-08-03,231.15757751464844
2017-08-04,231.57875061035156
2017-08-07,232.00929260253906
2017-08-08,231.43833923339844
2017-08-09,231.428955078125
2017-08-10,228.16229248046875
2017-08-11,228.49925231933594
2017-08-14,230.76437377929688
2017-08-15,230.73634338378906
2017-08-16,231.1387939453125
2017-08-17,227.53515625
2017-08-18,227.17950439453125
2017-08-21,227.35731506347656
2017-08-22,229.7347869873047
2017-08-23,228.91110229492188
2017-08-24,228.3776092529297
2017-08-25,228.91110229492188
2017-08-28,228.9204864501953
2017-08-29,229.18255615234375
2017-08-30,230.268310546875
2017-08-31,231.6536407470703
2017-09-01,231.98126220703125
2017-09-05,230.3151397705078
2017-09-06,231.1013641357422
2017-09-07,231.0732879638672
2017-09-08,230.8018341064453
2017-09-11,233.2635498046875
2017-09-12,234.0498504638672
2017-09-13,234.16212463378906
2017-09-14,234.0872802734375
2017-09-15,234.40237426757812
2017-09-18,234.9009552001953
2017-09-19,235.13609313964844
2017-09-20,235.2207489013672
2017-09-21,234.59051513671875
2017-09-22,234.63755798339844
2017-09-25,234.15780639648438
2017-09-26,234.29891967773438
2017-09-27,235.21136474609375
2017-09-28,235.49354553222656
2017-09-29,236.3213348388672
2017-10-02,237.34664916992188
2017-10-03,237.85459899902344
2017-10-04,238.13681030273438
2017-10-05,239.54779052734375
2017-10-06,239.2749786376953
2017-10-09,238.87991333007812
2017-10-10,239.51016235351562
2017-10-11,239.8864288330078
2017-10-12,239.5289764404297
2017-10-13,239.82058715820312
2017-10-16,240.1404266357422
2017-10-17,240.30972290039062
2017-10-18,240.5448760986328
2017-10-19,240.61073303222656
2017-10-20,241.8524169921875
2017-10-23,240.91171264648438
2017-10-24,241.33502197265625
2017-10-25,240.1404266357422
2017-10-26,240.45082092285156
2017-10-27,242.41677856445312
2017-10-30,241.5137939453125
2017-10-31,241.88999938964844
2017-11-01,242.20982360839844
2017-11-02,242.30392456054688
2017-11-03,243.11288452148438
2017-11-06,243.4891357421875
2017-11-07,243.31982421875
2017-11-08,243.7336883544922
2017-11-09,242.84951782226562
2017-11-10,242.77420043945312
2017-11-13,242.99998474121094
2017-11-14,242.43560791015625
2017-11-15,241.22215270996094
2017-11-16,243.27276611328125
2017-11-17,242.557861328125
2017-11-20,242.97174072265625
2017-11-21,244.5614471435547
2017-11-22,244.34515380859375
2017-11-24,244.90948486328125
2017-11-27,244.78724670410156
2017-11-28,247.2705535888672
2017-11-29,247.12005615234375
2017-11-30,249.28359985351562
2017-12-01,248.76622009277344
2017-12-04,248.46519470214844
2017-12-05,247.5715789794922
2017-12-06,247.61862182617188
2017-12-07,248.39935302734375
2017-12-08,249.75393676757812
2017-12-11,250.5064239501953
2017-12-12,250.94850158691406
2017-12-13,250.92031860351562
2017-12-14,249.89501953125
2017-12-15,251.97598266601562
2017-12-18,253.57383728027344
2017-12-19,252.59999084472656
2017-12-20,252.4676513671875
2017-12-21,252.98765563964844
2017-12-22,252.92147827148438
2017-12-26,252.618896484375
2017-12-27,252.7418212890625
2017-12-28,253.2618408203125
2017-12-29,252.30690002441406
2018-01-02,254.1127166748047
2018-01-03,255.71998596191406
2018-01-04,256.7978210449219
2018-01-05,258.5091857910156
2018-01-08,258.98187255859375
2018-01-09,259.56805419921875
2018-01-10,259.17095947265625
2018-01-11,261.0618896484375
2018-01-12,262.7637939453125
2018-01-16,261.8655700683594
2018-01-17,264.3615417480469
2018-01-18,263.9172668457031
2018-01-19,265.1179504394531
2018-01-22,267.2735900878906
2018-01-23,267.8409729003906
2018-01-24,267.73681640625
2018-01-25,267.850341796875
2018-01-26,270.9514465332031
2018-01-29,269.15509033203125
2018-01-30,266.39434814453125
2018-01-31,266.5267028808594
2018-02-01,266.2240905761719
2018-02-02,260.428466796875
2018-02-05,249.53665161132812
2018-02-06,254.45315551757812
2018-02-07,253.07273864746094
2018-02-08,243.58026123046875
2018-02-09,247.23919677734375
2018-02-12,250.86978149414062
2018-02-13,251.49380493164062
2018-02-14,254.8879852294922
2018-02-15,258.1404113769531
2018-02-16,258.2160339355469
2018-02-20,256.5992736816406
2018-02-21,255.3229217529297
2018-02-22,255.65380859375
2018-02-23,259.7287902832031
2018-02-26,262.7448425292969
2018-02-27,259.46405029296875
2018-02-28,256.8356628417969
2018-03-01,253.10108947753906
2018-03-02,254.40585327148438
2018-03-05,257.3462219238281
2018-03-06,257.9986267089844
2018-03-07,257.904052734375
2018-03-08,259.1521301269531
2018-03-09,263.6619567871094
2018-03-12,263.33099365234375
2018-03-13,261.6291809082031
2018-03-14,260.28662109375
2018-03-15,260.0029602050781
2018-03-16,260.2849426269531
2018-03-19,256.76318359375
2018-03-20,257.1998291015625
2018-03-21,256.7062072753906
2018-03-22,250.28927612304688
2018-03-23,244.9544677734375
2018-03-26,251.6562042236328
2018-03-27,247.37509155273438
2018-03-28,246.6441192626953
2018-03-29,249.79568481445312
2018-04-02,244.40394592285156
2018-04-03,247.53643798828125
2018-04-04,250.18490600585938
2018-04-05,252.1593780517578
2018-04-06,246.53973388671875
2018-04-09,247.75479125976562
2018-04-10,251.6941375732422
2018-04-11,250.374755859375
2018-04-12,252.4345703125
2018-04-13,251.6941375732422
2018-04-16,253.7635040283203
2018-04-17,256.4783630371094
2018-04-18,256.6683044433594
2018-04-19,255.244384765625
2018-04-20,253.0801239013672
2018-04-23,253.0421142578125
2018-04-24,249.63430786132812
2018-04-25,250.2513427734375
2018-04-26,252.7952880859375
2018-04-27,253.0326385498047
2018-04-30,251.086669921875
2018-05-01,251.53282165527344
2018-05-02,249.8431396484375
2018-05-03,249.29257202148438
2018-05-04,252.52001953125
2018-05-07,253.37437438964844
2018-05-08,253.37437438964844
2018-05-09,255.8234100341797
2018-05-10,258.21551513671875
2018-05-11,259.0033874511719
2018-05-14,259.1268310546875
2018-05-15,257.3421936035156
2018-05-16,258.4244079589844
2018-05-17,258.2060546875
2018-05-18,257.560546875
2018-05-21,259.49700927734375
2018-05-22,258.77557373046875
2018-05-23,259.4875183105469
2018-05-24,258.95599365234375
2018-05-25,258.33892822265625
2018-05-29,255.36776733398438
2018-05-30,258.77557373046875
2018-05-31,257.1903381347656
2018-06-01,259.7154235839844
2018-06-04,260.94940185546875
2018-06-05,261.1392822265625
2018-06-06,263.32257080078125
2018-06-07,263.2940368652344
2018-06-08,264.0724182128906
2018-06-11,264.4236755371094
2018-06-12,264.7654113769531
2018-06-13,263.9205017089844
2018-06-14,264.5850524902344
2018-06-15,264.2474670410156
2018-06-18,263.7040100097656
2018-06-19,262.6932678222656
2018-06-20,263.14141845703125
2018-06-21,261.4917907714844
2018-06-22,261.9685974121094
2018-06-25,258.40240478515625
2018-06-26,258.97454833984375
2018-06-27,256.82916259765625
2018-06-28,258.2975769042969
2018-06-29,258.6694030761719
2018-07-02,259.22247314453125
2018-07-03,258.30706787109375
2018-07-05,260.4143371582031
2018-07-06,262.616943359375
2018-07-09,264.981689453125
2018-07-10,265.9352111816406
2018-07-11,263.9900207519531
2018-07-12,266.3833312988281
2018-07-13,266.5931091308594
2018-07-16,266.3547668457031
2018-07-17,267.43218994140625
2018-07-18,267.9948425292969
2018-07-19,266.98406982421875
2018-07-20,266.6789245605469
2018-07-23,267.17474365234375
2018-07-24,268.51922607421875
2018-07-25,270.80767822265625
2018-07-26,270.1688537597656
2018-07-27,268.3380432128906
2018-07-30,266.9363708496094
2018-07-31,268.252197265625
2018-08-01,267.8041076660156
2018-08-02,269.2629699707031
2018-08-03,270.4167175292969
2018-08-06,271.4083557128906
2018-08-07,272.3046875
2018-08-08,272.19024658203125
2018-08-09,271.81842041015625
2018-08-10,269.99713134765625
2018-08-13,268.9864807128906
2018-08-14,270.7027893066406
2018-08-15,268.68133544921875
2018-08-16,270.8553161621094
2018-08-17,271.8088684082031
2018-08-20,272.3905944824219
2018-08-21,273.0293884277344
2018-08-22,272.8673095703125
2018-08-23,272.50494384765625
2018-08-24,274.14495849609375
2018-08-27,276.3094177246094
2018-08-28,276.4429626464844
2018-08-29,277.930419921875
2018-08-30,276.8052978515625
2018-08-31,276.8148193359375
2018-09-04,276.33807373046875
2018-09-05,275.59429931640625
2018-09-06,274.7647705078125
2018-09-07,274.23077392578125
2018-09-10,274.70751953125
2018-09-11,275.61334228515625
2018-09-12,275.6801452636719
2018-09-13,277.31060791015625
2018-09-14,277.3582763671875
2018-09-17,275.8898620605469
2018-09-18,277.3869323730469
2018-09-19,277.6824951171875
2018-09-20,279.9328308105469
2018-09-21,279.6770324707031
2018-09-24,278.7479553222656
2018-09-25,278.4893493652344
2018-09-26,277.65606689453125
2018-09-27,278.43182373046875
2018-09-28,278.46063232421875
2018-10-01,279.4280700683594
2018-10-02,279.2651672363281
2018-10-03,279.4184265136719
2018-10-04,277.23455810546875
2018-10-05,275.6828918457031
2018-10-08,275.6828918457031
2018-10-09,275.28057861328125
2018-10-10,266.5643615722656
2018-10-11,260.6928405761719
2018-10-12,264.3134460449219
2018-10-15,262.82879638671875
2018-10-16,268.57574462890625
2018-10-17,268.6236572265625
2018-10-18,264.7444152832031
2018-10-19,264.600830078125
2018-10-22,263.4130859375
2018-10-23,262.0721130371094
2018-10-24,254.13168334960938
2018-10-25,258.69097900390625
2018-10-26,254.14126586914062
2018-10-29,252.7332763671875
2018-10-30,256.47833251953125
2018-10-31,259.2178039550781
2018-11-01,261.97637939453125
2018-11-02,260.4246520996094
2018-11-05,261.8614196777344
2018-11-06,263.5184326171875
2018-11-07,269.1600646972656
2018-11-08,268.6715393066406
2018-11-09,266.0471496582031
2018-11-12,261.0759582519531
2018-11-13,260.5875244140625
2018-11-14,258.80596923828125
2018-11-15,261.50701904296875
2018-11-16,262.18707275390625
2018-11-19,257.7522888183594
2018-11-20,252.9822998046875
2018-11-21,253.84434509277344
2018-11-23,252.1489715576172
2018-11-26,256.21978759765625
2018-11-27,257.0818176269531
2018-11-28,263.0011901855469
2018-11-29,262.426513671875
2018-11-30,264.0260925292969
2018-12-03,267.5221252441406
2018-12-04,258.8537902832031
2018-12-06,258.46112060546875
2018-12-07,252.4554901123047
2018-12-10,252.93441772460938
2018-12-11,252.9918670654297
2018-12-12,254.26577758789062
2018-12-13,254.17959594726562
2018-12-14,249.48622131347656
2018-12-17,244.5917205810547
2018-12-18,244.32351684570312
2018-12-19,240.6645965576172
2018-12-20,236.7470703125
2018-12-21,231.89622497558594
2018-12-24,225.76882934570312
2018-12-26,237.17579650878906
2018-12-27,238.99667358398438
2018-12-28,238.68836975097656
2018-12-31,240.7790069580078
2019-01-02,241.02947998046875
2019-01-03,235.27783203125
2019-01-04,243.15866088867188
2019-01-07,245.0758819580078
2019-01-08,247.37843322753906
2019-01-09,248.53456115722656
2019-01-10,249.41127014160156
2019-01-11,249.50762939453125
2019-01-14,247.9854278564453
2019-01-15,250.82752990722656
2019-01-16,251.43446350097656
2019-01-17,253.34205627441406
2019-01-18,256.71405029296875
2019-01-22,253.24569702148438
2019-01-23,253.7755889892578
2019-01-24,253.9104461669922
2019-01-25,256.0589294433594
2019-01-28,254.11280822753906
2019-01-29,253.7755889892578
2019-01-30,257.7930908203125
2019-01-31,260.05712890625
2019-02-01,260.182373046875
2019-02-04,262.0128479003906
2019-02-05,263.1112060546875
2019-02-06,262.76434326171875
2019-02-07,260.2594909667969
2019-02-08,260.577392578125
2019-02-11,260.7218933105469
2019-02-12,264.0746154785156
2019-02-13,264.9320068359375
2019-02-14,264.3443908691406
2019-02-15,267.2249755859375
2019-02-19,267.68743896484375
2019-02-20,268.2269592285156
2019-02-21,267.273193359375
2019-02-22,268.9302673339844
2019-02-25,269.2963562011719
2019-02-26,269.1036682128906
2019-02-27,268.9880676269531
2019-02-28,268.4870300292969
2019-03-01,270.1634521484375
2019-03-04,269.1807861328125
2019-03-05,268.81463623046875
2019-03-06,267.18646240234375
2019-03-07,264.9512939453125
2019-03-08,264.42138671875
2019-03-11,268.255859375
2019-03-12,269.2674560546875
2019-03-13,271.0498352050781
2019-03-14,270.8763427734375
2019-03-15,272.2146911621094
2019-03-18,273.2016906738281
2019-03-19,273.2694091796875
2019-03-20,272.4468994140625
2019-03-21,275.52410888671875
2019-03-22,270.2212829589844
2019-03-25,270.01806640625
2019-03-26,272.03082275390625
2019-03-27,270.6083068847656
2019-03-28,271.634033203125
2019-03-29,273.34686279296875
2019-04-01,276.5885314941406
2019-04-02,276.7239990234375
2019-04-03,277.1594543457031
2019-04-04,277.8948669433594
2019-04-05,279.23992919921875
2019-04-08,279.4528503417969
2019-04-09,278.02069091796875
2019-04-10,278.9690246582031
2019-04-11,278.8915710449219
2019-04-12,280.7785339355469
2019-04-15,280.59466552734375
2019-04-16,280.7785339355469
2019-04-17,280.09149169921875
2019-04-18,280.64306640625
2019-04-22,280.8849182128906
2019-04-23,283.4105529785156
2019-04-24,282.7816162109375
2019-04-25,282.6074523925781
2019-04-26,283.9234619140625
2019-04-29,284.3685607910156
2019-04-30,284.51373291015625
2019-05-01,282.37518310546875
2019-05-02,281.7655029296875
2019-05-03,284.5234069824219
2019-05-06,283.3525390625
2019-05-07,278.62060546875
2019-05-08,278.2335510253906
2019-05-09,277.3916931152344
2019-05-10,278.78515625
2019-05-13,271.7792053222656
2019-05-14,274.2370910644531
2019-05-15,275.8434143066406
2019-05-16,278.3980712890625
2019-05-17,276.5981750488281
2019-05-20,274.7693176269531
2019-05-21,277.24652099609375
2019-05-22,276.39495849609375
2019-05-23,273.017822265625
2019-05-24,273.63714599609375
2019-05-28,271.0921630859375
2019-05-29,269.2729797363281
2019-05-30,270.0083923339844
2019-05-31,266.3699645996094
2019-06-03,265.6925964355469
2019-06-04,271.45989990234375
2019-06-05,273.8113098144531
2019-06-06,275.591796875
2019-06-07,278.34967041015625
2019-06-10,279.6269836425781
2019-06-11,279.55926513671875
2019-06-12,279.0657653808594
2019-06-13,280.2172546386719
2019-06-14,279.90765380859375
2019-06-17,280.01409912109375
2019-06-18,282.94610595703125
2019-06-19,283.58477783203125
2019-06-20,286.2942199707031
2019-06-21,285.8780822753906
2019-06-24,285.5280456542969
2019-06-25,282.7275390625
2019-06-26,282.4455871582031
2019-06-27,283.4471130371094
2019-06-28,284.9056701660156
2019-07-01,287.4922180175781
2019-07-02,288.2409362792969
2019-07-03,290.5454406738281
2019-07-05,290.21484375
2019-07-08,288.62017822265625
2019-07-09,288.97991943359375
2019-07-10,290.3607177734375
2019-07-11,291.0413513183594
2019-07-12,292.3443603515625
2019-07-15,292.4415283203125
2019-07-16,291.4984130859375
2019-07-17,289.51470947265625
2019-07-18,290.5746154785156
2019-07-19,288.9604797363281
2019-07-22,289.6702880859375
2019-07-23,291.7414855957031
2019-07-24,293.1125183105469
2019-07-25,291.71234130859375
2019-07-26,293.666748046875
2019-07-29,293.1319274902344
2019-07-30,292.41241455078125
2019-07-31,289.2132873535156
2019-08-01,286.6948547363281
2019-08-02,284.53619384765625
2019-08-05,275.9792785644531
2019-08-06,279.8493347167969
2019-08-07,280.0146484375
2019-08-08,285.508544921875
2019-08-09,283.56378173828125
2019-08-12,280.1119384765625
2019-08-13,284.46807861328125
2019-08-14,276.05706787109375
2019-08-15,276.7863464355469
2019-08-16,280.87030029296875
2019-08-19,284.2541809082031
2019-08-20,282.0760498046875
2019-08-21,284.3708801269531
2019-08-22,284.2833557128906
2019-08-23,276.9808044433594
2019-08-26,280.0438232421875
2019-08-27,278.945068359375
2019-08-28,280.90924072265625
2019-08-29,284.49725341796875
2019-08-30,284.3708801269531
2019-09-03,282.7080993652344
2019-09-04,285.9169616699219
2019-09-05,289.5924987792969
2019-09-06,289.8161926269531
2019-09-09,289.9620361328125
2019-09-10,289.8939514160156
2019-09-11,291.9554138183594
2019-09-12,292.9667053222656
2019-09-13,292.772216796875
2019-09-16,291.8678894042969
2019-09-17,292.6069030761719
2019-09-18,292.78192138671875
2019-09-19,292.762451171875
2019-09-20,291.37921142578125
2019-09-23,291.3108215332031
2019-09-24,289.0250244140625
2019-09-25,290.7344970703125
2019-09-26,290.12884521484375
2019-09-27,288.56585693359375
2019-09-30,289.9041442871094
2019-10-01,286.455810546875
2019-10-02,281.39569091796875
2019-10-03,283.7010498046875
2019-10-04,287.5401611328125
2019-10-07,286.29949951171875
2019-10-08,281.85479736328125
2019-10-09,284.53143310546875
2019-10-10,286.455810546875
2019-10-11,289.42547607421875
2019-10-14,289.1031188964844
2019-10-15,291.96533203125
2019-10-16,291.4964599609375
2019-10-17,292.3560791015625
2019-10-18,291.0763854980469
2019-10-21,293.04962158203125
2019-10-22,292.0923156738281
2019-10-23,292.9422302246094
2019-10-24,293.4208984375
2019-10-25,294.6224060058594
2019-10-28,296.2830505371094
2019-10-29,296.1951599121094
2019-10-30,297.1036682128906
2019-10-31,296.3123779296875
2019-11-01,299.0574035644531
2019-11-04,300.2589111328125
2019-11-05,299.9267883300781
2019-11-06,299.9951477050781
2019-11-07,301.0501708984375
2019-11-08,301.7926330566406
2019-11-11,301.2162780761719
2019-11-12,301.8511657714844
2019-11-13,301.94891357421875
2019-11-14,302.3884582519531
2019-11-15,304.5766906738281
2019-11-18,304.80133056640625
2019-11-19,304.7134094238281
2019-11-20,303.5802917480469
2019-11-21,303.0918273925781
2019-11-22,303.765869140625
2019-11-25,306.1201171875
2019-11-26,306.8136901855469
2019-11-27,308.18133544921875
2019-11-29,307.0383605957031
2019-12-02,304.4301452636719
2019-12-03,302.3884582519531
2019-12-04,304.2542724609375
2019-12-05,304.80133056640625
2019-12-06,307.5854187011719
2019-12-09,306.6182861328125
2019-12-10,306.2763671875
2019-12-11,307.14581298828125
2019-12-12,309.7931213378906
2019-12-13,309.9787292480469
2019-12-16,312.1082763671875
2019-12-17,312.17669677734375
2019-12-18,312.19622802734375
2019-12-19,313.4759216308594
2019-12-20,314.8502502441406
2019-12-23,315.3312683105469
2019-12-24,315.3410949707031
2019-12-26,317.01971435546875
2019-12-27,316.941162109375
2019-12-30,315.1938171386719
2019-12-31,315.9595031738281
2020-01-02,318.914306640625
2020-01-03,316.49945068359375
2020-01-06,317.7069091796875
2020-01-07,316.8135681152344
2020-01-08,318.5020751953125
2020-01-09,320.66168212890625
2020-01-10,319.7389221191406
2020-01-13,321.9378662109375
2020-01-14,321.4470520019531
2020-01-15,322.1734619140625
2020-01-16,324.8534240722656
2020-01-17,325.8645935058594
2020-01-21,325.2264709472656
2020-01-22,325.2657165527344
2020-01-23,325.6387634277344
2020-01-24,322.7428283691406
2020-01-27,317.5694580078125
2020-01-28,320.8973083496094
2020-01-29,320.6322326660156
2020-01-30,321.6728210449219
2020-01-31,315.8319091796875
2020-02-03,318.1781005859375
2020-02-04,323.0274963378906
2020-02-05,326.7578430175781
2020-02-06,327.8573303222656
2020-02-07,326.1099548339844
2020-02-10,328.54449462890625
2020-02-11,329.1138610839844
2020-02-12,331.2342834472656
2020-02-13,330.880859375
2020-02-14,331.4109802246094
2020-02-18,330.5569152832031
2020-02-19,332.1373596191406
2020-02-20,330.7729187011719
2020-02-21,327.36651611328125
2020-02-24,316.5092468261719
2020-02-25,306.9183349609375
2020-02-26,305.7894592285156
2020-02-27,292.0559387207031
2020-02-28,290.8288269042969
2020-03-02,303.423583984375
2020-03-03,294.7358703613281
2020-03-04,307.1244812011719
2020-03-05,296.9151611328125
2020-03-06,292.0068359375
2020-03-09,269.20269775390625
2020-03-10,283.132568359375
2020-03-11,269.330322265625
2020-03-12,243.56153869628906
2020-03-13,264.3826904296875
2020-03-16,235.45297241210938
2020-03-17,248.16555786132812
2020-03-18,235.60020446777344
2020-03-19,236.10084533691406
2020-03-20,225.92628479003906
2020-03-23,220.14974975585938
2020-03-24,240.09603881835938
2020-03-25,243.69032287597656
2020-03-26,257.9193420410156
2020-03-27,250.23704528808594
2020-03-30,258.3636779785156
2020-03-31,254.51268005371094
2020-04-01,243.05836486816406
2020-04-02,248.6670379638672
2020-04-03,245.07275390625
2020-04-06,261.5333557128906
2020-04-07,261.79998779296875
2020-04-08,270.58819580078125
2020-04-09,274.705810546875
2020-04-13,272.1977233886719
2020-04-14,280.2256164550781
2020-04-15,274.2713623046875
2020-04-16,275.5945129394531
2020-04-17,283.039794921875
2020-04-20,278.05322265625
2020-04-21,269.6106262207031
2020-04-22,275.5945129394531
2020-04-23,275.5747375488281
2020-04-24,279.4159240722656
2020-04-27,283.4446716308594
2020-04-28,282.1412353515625
2020-04-29,289.52728271484375
2020-04-30,286.83160400390625
2020-05-01,279.2381591796875
2020-05-04,280.0083923339844
2020-05-05,282.595458984375
2020-05-06,280.6798400878906
2020-05-07,284.0667419433594
2020-05-08,288.7669677734375
2020-05-11,288.8262023925781
2020-05-12,283.0694580078125
2020-05-13,278.0631103515625
2020-05-14,281.39080810546875
2020-05-15,282.6843566894531
2020-05-18,291.2947998046875
2020-05-19,288.3028564453125
2020-05-20,293.2005615234375
2020-05-21,291.17633056640625
2020-05-22,291.72930908203125
2020-05-26,295.32354736328125
2020-05-27,299.7176818847656
2020-05-28,299.1647033691406
2020-05-29,300.4977722167969
2020-06-01,301.7122802734375
2020-06-02,304.2104797363281
2020-06-03,308.259033203125
2020-06-04,307.4493103027344
2020-06-05,315.3290710449219
2020-06-08,319.140625
2020-06-09,316.7608947753906
2020-06-10,314.9933776855469
2020-06-11,296.8343505859375
2020-06-12,300.3891296386719
2020-06-15,303.1934509277344
2020-06-16,309.02923583984375
2020-06-17,307.74554443359375
2020-06-18,307.8640441894531
2020-06-19,306.1046447753906
2020-06-22,308.068359375
2020-06-23,309.4866027832031
2020-06-24,301.5920104980469
2020-06-25,304.8252258300781
2020-06-26,297.585205078125
2020-06-29,301.9589538574219
2020-06-30,305.826904296875
2020-07-01,307.96917724609375
2020-07-02,309.6651306152344
2020-07-06,314.445556640625
2020-07-07,311.2024230957031
2020-07-08,313.5826721191406
2020-07-09,311.7974548339844
2020-07-10,314.9811096191406
2020-07-13,312.2536926269531
2020-07-14,316.3002014160156
2020-07-15,319.20611572265625
2020-07-16,318.15484619140625
2020-07-17,319.0771789550781
2020-07-20,321.65582275390625
2020-07-21,322.3401794433594
2020-07-22,324.1749572753906
2020-07-23,320.3069763183594
2020-07-24,318.24407958984375
2020-07-27,320.5648498535156
2020-07-28,318.5317077636719
2020-07-29,322.4492492675781
2020-07-30,321.29876708984375
2020-07-31,323.8377380371094
2020-08-03,326.089111328125
2020-08-04,327.3486633300781
2020-08-05,329.3818054199219
2020-08-06,331.5835876464844
2020-08-07,331.8216552734375
2020-08-10,332.81341552734375
2020-08-11,330.066162109375
2020-08-12,334.6680603027344
2020-08-13,334.0630187988281
2020-08-14,334.0729675292969
2020-08-17,335.1341857910156
2020-08-18,335.85821533203125
2020-08-19,334.45977783203125
2020-08-20,335.50115966796875
2020-08-21,336.6912841796875
2020-08-24,340.1030578613281
2020-08-25,341.2931823730469
2020-08-26,344.71484375
2020-08-27,345.46856689453125
2020-08-28,347.7001037597656
2020-08-31,346.4405517578125
2020-09-01,349.7035217285156
2020-09-02,354.7616271972656
2020-09-03,342.5527648925781
2020-09-04,339.7558898925781
2020-09-08,330.4727783203125
2020-09-09,336.9987487792969
2020-09-10,331.147216796875
2020-09-11,331.3157958984375
2020-09-14,335.6796569824219
2020-09-15,337.3756408691406
2020-09-16,336.0367126464844
2020-09-17,333.0812072753906
2020-09-18,329.24652099609375
2020-09-21,325.5821533203125
2020-09-22,328.89801025390625
2020-09-23,321.2705383300781
2020-09-24,322.12689208984375
2020-09-25,327.3346862792969
2020-09-28,332.7715148925781
2020-09-29,330.959228515625
2020-09-30,333.46856689453125
2020-10-01,335.6094055175781
2020-10-02,332.4230041503906
2020-10-05,338.31787109375
2020-10-06,333.50836181640625
2020-10-07,339.3136291503906
2020-10-08,342.32080078125
2020-10-09,345.3777770996094
2020-10-12,350.93408203125
2020-10-13,348.64385986328125
2020-10-14,346.45318603515625
2020-10-15,346.0250244140625
2020-10-16,345.81591796875
2020-10-19,340.5583190917969
2020-10-20,341.9225158691406
2020-10-21,341.2752685546875
2020-10-22,343.14727783203125
2020-10-23,344.31231689453125
2020-10-26,337.949462890625
2020-10-27,336.7843933105469
2020-10-28,325.2734680175781
2020-10-29,328.5793762207031
2020-10-30,325.15399169921875
